2026-02-23T18:03:42.458262Z  WARN wgpu_hal::vulkan::instance: Unable to find extension: VK_EXT_physical_device_drm
2026-02-23T18:03:42.484392Z DEBUG wgpu_hal::vulkan::instance: Instance version: 0x404135
2026-02-23T18:03:42.484452Z DEBUG wgpu_hal::vulkan::instance: Debug utils not enabled: debug_utils_user_data not passed to Instance::from_raw
2026-02-23T18:03:42.484458Z DEBUG wgpu_hal::vulkan::instance: Enabling device properties2
2026-02-23T18:03:42.484471Z DEBUG wgpu_core::instance: Instance::new: created Vulkan backend
2026-02-23T18:03:42.507550Z DEBUG wgpu_hal::gles::egl: Client extensions: [
    "EGL_EXT_device_base",
    "EGL_EXT_device_enumeration",
    "EGL_EXT_device_query",
    "EGL_EXT_platform_base",
    "EGL_KHR_client_get_all_proc_addresses",
    "EGL_EXT_client_extensions",
    "EGL_KHR_debug",
    "EGL_EXT_platform_device",
    "EGL_EXT_explicit_device",
    "EGL_EXT_platform_wayland",
    "EGL_KHR_platform_wayland",
    "EGL_EXT_platform_x11",
    "EGL_KHR_platform_x11",
    "EGL_EXT_platform_xcb",
    "EGL_MESA_platform_gbm",
    "EGL_KHR_platform_gbm",
    "EGL_MESA_platform_surfaceless",
]
2026-02-23T18:03:42.507600Z DEBUG wgpu_hal::gles::egl: Loading Wayland library to get the current display
2026-02-23T18:03:42.508192Z DEBUG wgpu_hal::gles::egl: Loading X11 library to get the current display
2026-02-23T18:03:42.512530Z  INFO wgpu_hal::gles::egl: Using Wayland platform
2026-02-23T18:03:42.524064Z DEBUG wgpu_hal::gles::egl: Display vendor "Mesa Project", version (1, 5)
2026-02-23T18:03:42.524100Z DEBUG wgpu_hal::gles::egl: Display extensions: [
    "EGL_ANDROID_blob_cache",
    "EGL_EXT_buffer_age",
    "EGL_EXT_config_select_group",
    "EGL_EXT_create_context_robustness",
    "EGL_EXT_image_dma_buf_import",
    "EGL_EXT_image_dma_buf_import_modifiers",
    "EGL_EXT_present_opaque",
    "EGL_EXT_query_reset_notification_strategy",
    "EGL_EXT_surface_compression",
    "EGL_EXT_swap_buffers_with_damage",
    "EGL_KHR_cl_event2",
    "EGL_KHR_config_attribs",
    "EGL_KHR_context_flush_control",
    "EGL_KHR_create_context",
    "EGL_KHR_create_context_no_error",
    "EGL_KHR_fence_sync",
    "EGL_KHR_get_all_proc_addresses",
    "EGL_KHR_gl_colorspace",
    "EGL_KHR_gl_renderbuffer_image",
    "EGL_KHR_gl_texture_2D_image",
    "EGL_KHR_gl_texture_3D_image",
    "EGL_KHR_gl_texture_cubemap_image",
    "EGL_KHR_image_base",
    "EGL_KHR_no_config_context",
    "EGL_KHR_reusable_sync",
    "EGL_KHR_surfaceless_context",
    "EGL_KHR_swap_buffers_with_damage",
    "EGL_EXT_pixel_format_float",
    "EGL_KHR_wait_sync",
    "EGL_MESA_configless_context",
    "EGL_MESA_gl_interop",
    "EGL_MESA_query_driver",
    "EGL_MESA_x11_native_visual_id",
]
2026-02-23T18:03:42.524115Z DEBUG wgpu_hal::gles::egl: 	EGL surface: +srgb
2026-02-23T18:03:42.524117Z TRACE wgpu_hal::gles::egl: Configurations:
2026-02-23T18:03:42.524124Z TRACE wgpu_hal::gles::egl: 	CONFORMANT=0xOk(4D), RENDERABLE=0xOk(4D), NATIVE_RENDERABLE=0xOk(1), SURFACE_TYPE=0xOk(4), ALPHA_SIZE=Ok(8)
2026-02-23T18:03:42.524128Z TRACE wgpu_hal::gles::egl: 	CONFORMANT=0xOk(4D), RENDERABLE=0xOk(4D), NATIVE_RENDERABLE=0xOk(1), SURFACE_TYPE=0xOk(4), ALPHA_SIZE=Ok(8)
2026-02-23T18:03:42.524131Z TRACE wgpu_hal::gles::egl: 	CONFORMANT=0xOk(4D), RENDERABLE=0xOk(4D), NATIVE_RENDERABLE=0xOk(1), SURFACE_TYPE=0xOk(4), ALPHA_SIZE=Ok(8)
2026-02-23T18:03:42.524134Z TRACE wgpu_hal::gles::egl: 	CONFORMANT=0xOk(4D), RENDERABLE=0xOk(4D), NATIVE_RENDERABLE=0xOk(1), SURFACE_TYPE=0xOk(4), ALPHA_SIZE=Ok(8)
2026-02-23T18:03:42.524137Z TRACE wgpu_hal::gles::egl: 	CONFORMANT=0xOk(4D), RENDERABLE=0xOk(4D), NATIVE_RENDERABLE=0xOk(1), SURFACE_TYPE=0xOk(4), ALPHA_SIZE=Ok(8)
2026-02-23T18:03:42.524140Z TRACE wgpu_hal::gles::egl: 	CONFORMANT=0xOk(4D), RENDERABLE=0xOk(4D), NATIVE_RENDERABLE=0xOk(1), SURFACE_TYPE=0xOk(4), ALPHA_SIZE=Ok(8)
2026-02-23T18:03:42.524143Z TRACE wgpu_hal::gles::egl: 	CONFORMANT=0xOk(4D), RENDERABLE=0xOk(4D), NATIVE_RENDERABLE=0xOk(1), SURFACE_TYPE=0xOk(4), ALPHA_SIZE=Ok(8)
2026-02-23T18:03:42.524146Z TRACE wgpu_hal::gles::egl: 	CONFORMANT=0xOk(4D), RENDERABLE=0xOk(4D), NATIVE_RENDERABLE=0xOk(1), SURFACE_TYPE=0xOk(4), ALPHA_SIZE=Ok(8)
2026-02-23T18:03:42.524157Z TRACE wgpu_hal::gles::egl: 	CONFORMANT=0xOk(4D), RENDERABLE=0xOk(4D), NATIVE_RENDERABLE=0xOk(1), SURFACE_TYPE=0xOk(4), ALPHA_SIZE=Ok(8)
2026-02-23T18:03:42.524160Z TRACE wgpu_hal::gles::egl: 	CONFORMANT=0xOk(4D), RENDERABLE=0xOk(4D), NATIVE_RENDERABLE=0xOk(1), SURFACE_TYPE=0xOk(4), ALPHA_SIZE=Ok(8)
2026-02-23T18:03:42.524163Z TRACE wgpu_hal::gles::egl: 	CONFORMANT=0xOk(4D), RENDERABLE=0xOk(4D), NATIVE_RENDERABLE=0xOk(1), SURFACE_TYPE=0xOk(4), ALPHA_SIZE=Ok(0)
2026-02-23T18:03:42.524166Z TRACE wgpu_hal::gles::egl: 	CONFORMANT=0xOk(4D), RENDERABLE=0xOk(4D), NATIVE_RENDERABLE=0xOk(1), SURFACE_TYPE=0xOk(4), ALPHA_SIZE=Ok(0)
2026-02-23T18:03:42.524169Z TRACE wgpu_hal::gles::egl: 	CONFORMANT=0xOk(4D), RENDERABLE=0xOk(4D), NATIVE_RENDERABLE=0xOk(1), SURFACE_TYPE=0xOk(4), ALPHA_SIZE=Ok(0)
2026-02-23T18:03:42.524173Z TRACE wgpu_hal::gles::egl: 	CONFORMANT=0xOk(4D), RENDERABLE=0xOk(4D), NATIVE_RENDERABLE=0xOk(1), SURFACE_TYPE=0xOk(4), ALPHA_SIZE=Ok(0)
2026-02-23T18:03:42.524176Z TRACE wgpu_hal::gles::egl: 	CONFORMANT=0xOk(4D), RENDERABLE=0xOk(4D), NATIVE_RENDERABLE=0xOk(1), SURFACE_TYPE=0xOk(4), ALPHA_SIZE=Ok(0)
2026-02-23T18:03:42.524179Z TRACE wgpu_hal::gles::egl: 	CONFORMANT=0xOk(4D), RENDERABLE=0xOk(4D), NATIVE_RENDERABLE=0xOk(1), SURFACE_TYPE=0xOk(4), ALPHA_SIZE=Ok(0)
2026-02-23T18:03:42.524182Z TRACE wgpu_hal::gles::egl: 	CONFORMANT=0xOk(4D), RENDERABLE=0xOk(4D), NATIVE_RENDERABLE=0xOk(1), SURFACE_TYPE=0xOk(4), ALPHA_SIZE=Ok(0)
2026-02-23T18:03:42.524185Z TRACE wgpu_hal::gles::egl: 	CONFORMANT=0xOk(4D), RENDERABLE=0xOk(4D), NATIVE_RENDERABLE=0xOk(1), SURFACE_TYPE=0xOk(4), ALPHA_SIZE=Ok(0)
2026-02-23T18:03:42.524188Z TRACE wgpu_hal::gles::egl: 	CONFORMANT=0xOk(4D), RENDERABLE=0xOk(4D), NATIVE_RENDERABLE=0xOk(1), SURFACE_TYPE=0xOk(4), ALPHA_SIZE=Ok(0)
2026-02-23T18:03:42.524191Z TRACE wgpu_hal::gles::egl: 	CONFORMANT=0xOk(4D), RENDERABLE=0xOk(4D), NATIVE_RENDERABLE=0xOk(1), SURFACE_TYPE=0xOk(4), ALPHA_SIZE=Ok(0)
2026-02-23T18:03:42.524194Z TRACE wgpu_hal::gles::egl: 	CONFORMANT=0xOk(4D), RENDERABLE=0xOk(4D), NATIVE_RENDERABLE=0xOk(1), SURFACE_TYPE=0xOk(4), ALPHA_SIZE=Ok(0)
2026-02-23T18:03:42.524197Z TRACE wgpu_hal::gles::egl: 	CONFORMANT=0xOk(4D), RENDERABLE=0xOk(4D), NATIVE_RENDERABLE=0xOk(1), SURFACE_TYPE=0xOk(4), ALPHA_SIZE=Ok(0)
2026-02-23T18:03:42.524200Z TRACE wgpu_hal::gles::egl: 	CONFORMANT=0xOk(4D), RENDERABLE=0xOk(4D), NATIVE_RENDERABLE=0xOk(1), SURFACE_TYPE=0xOk(4), ALPHA_SIZE=Ok(0)
2026-02-23T18:03:42.524203Z TRACE wgpu_hal::gles::egl: 	CONFORMANT=0xOk(4D), RENDERABLE=0xOk(4D), NATIVE_RENDERABLE=0xOk(1), SURFACE_TYPE=0xOk(4), ALPHA_SIZE=Ok(0)
2026-02-23T18:03:42.524206Z TRACE wgpu_hal::gles::egl: 	CONFORMANT=0xOk(4D), RENDERABLE=0xOk(4D), NATIVE_RENDERABLE=0xOk(1), SURFACE_TYPE=0xOk(4), ALPHA_SIZE=Ok(0)
2026-02-23T18:03:42.524209Z TRACE wgpu_hal::gles::egl: 	CONFORMANT=0xOk(4D), RENDERABLE=0xOk(4D), NATIVE_RENDERABLE=0xOk(1), SURFACE_TYPE=0xOk(4), ALPHA_SIZE=Ok(0)
2026-02-23T18:03:42.524213Z TRACE wgpu_hal::gles::egl: 	CONFORMANT=0xOk(4D), RENDERABLE=0xOk(4D), NATIVE_RENDERABLE=0xOk(1), SURFACE_TYPE=0xOk(4), ALPHA_SIZE=Ok(0)
2026-02-23T18:03:42.524216Z TRACE wgpu_hal::gles::egl: 	CONFORMANT=0xOk(4D), RENDERABLE=0xOk(4D), NATIVE_RENDERABLE=0xOk(1), SURFACE_TYPE=0xOk(4), ALPHA_SIZE=Ok(0)
2026-02-23T18:03:42.524219Z TRACE wgpu_hal::gles::egl: 	CONFORMANT=0xOk(4D), RENDERABLE=0xOk(4D), NATIVE_RENDERABLE=0xOk(1), SURFACE_TYPE=0xOk(4), ALPHA_SIZE=Ok(0)
2026-02-23T18:03:42.524222Z TRACE wgpu_hal::gles::egl: 	CONFORMANT=0xOk(4D), RENDERABLE=0xOk(4D), NATIVE_RENDERABLE=0xOk(1), SURFACE_TYPE=0xOk(4), ALPHA_SIZE=Ok(0)
2026-02-23T18:03:42.524224Z DEBUG wgpu_hal::gles::egl: 	Trying native-render
2026-02-23T18:03:42.573601Z DEBUG wgpu_hal::gles::egl: 	EGL context: +robust access
2026-02-23T18:03:42.573646Z DEBUG wgpu_hal::gles::egl: 	EGL context: +surfaceless
2026-02-23T18:03:42.574045Z DEBUG wgpu_core::instance: Instance::new: created Gl backend
2026-02-23T18:03:42.574082Z TRACE wgpu_core::instance: Instance::request_adapter
2026-02-23T18:03:42.582520Z DEBUG wgpu_hal::gles::adapter: Vendor: Mesa
2026-02-23T18:03:42.582559Z DEBUG wgpu_hal::gles::adapter: Renderer: llvmpipe (LLVM 19.1.7, 256 bits)
2026-02-23T18:03:42.582564Z DEBUG wgpu_hal::gles::adapter: Version: 4.5 (Core Profile) Mesa 25.0.7-2
2026-02-23T18:03:42.582567Z TRACE wgpu_hal::gles::adapter: Profile: Core
2026-02-23T18:03:42.582570Z DEBUG wgpu_hal::gles::adapter: SL version: 4.50
2026-02-23T18:03:42.582572Z DEBUG wgpu_hal::gles::adapter: Supported GL Extensions: {
    "GL_EXT_shader_framebuffer_fetch_non_coherent",
    "GL_ARB_texture_buffer_range",
    "GL_ARB_copy_buffer",
    "GL_ARB_texture_compression_rgtc",
    "GL_ARB_texture_swizzle",
    "GL_ARB_texture_buffer_object",
    "GL_ARB_framebuffer_no_attachments",
    "GL_AMD_draw_buffers_blend",
    "GL_ARB_draw_buffers",
    "GL_ARB_framebuffer_object",
    "GL_ARB_vertex_array_object",
    "GL_ARB_texture_float",
    "GL_AMD_conservative_depth",
    "GL_NVX_gpu_memory_info",
    "GL_ARB_derivative_control",
    "GL_ARB_texture_barrier",
    "GL_ARB_get_program_binary",
    "GL_EXT_texture_shared_exponent",
    "GL_ARB_internalformat_query",
    "GL_ARB_stencil_texturing",
    "GL_EXT_EGL_image_storage",
    "GL_EXT_framebuffer_blit",
    "GL_ARB_texture_rg",
    "GL_ARB_sample_shading",
    "GL_KHR_context_flush_control",
    "GL_ARB_draw_buffers_blend",
    "GL_ARB_gl_spirv",
    "GL_OVR_multiview2",
    "GL_EXT_texture_shadow_lod",
    "GL_EXT_texture_snorm",
    "GL_ARB_explicit_attrib_location",
    "GL_ARB_vertex_shader",
    "GL_EXT_vertex_attrib_64bit",
    "GL_ARB_debug_output",
    "GL_ARB_texture_query_levels",
    "GL_ARB_shader_image_size",
    "GL_ARB_blend_func_extended",
    "GL_ARB_texture_storage_multisample",
    "GL_OES_EGL_image",
    "GL_ARB_texture_border_clamp",
    "GL_ARB_texture_buffer_object_rgb32",
    "GL_ATI_texture_mirror_once",
    "GL_ARB_shader_texture_image_samples",
    "GL_ARB_shader_subroutine",
    "GL_EXT_shader_framebuffer_fetch",
    "GL_ARB_transform_feedback2",
    "GL_ARB_shader_storage_buffer_object",
    "GL_ARB_pipeline_statistics_query",
    "GL_EXT_provoking_vertex",
    "GL_ARB_separate_shader_objects",
    "GL_ARB_half_float_pixel",
    "GL_ARB_sync",
    "GL_ARB_texture_filter_minmax",
    "GL_ARB_texture_storage",
    "GL_ARB_shader_precision",
    "GL_OVR_multiview",
    "GL_ATI_meminfo",
    "GL_IBM_multimode_draw_arrays",
    "GL_MESA_pack_invert",
    "GL_ARB_shader_texture_lod",
    "GL_ARB_ES3_compatibility",
    "GL_EXT_EGL_image_storage_compression",
    "GL_MESA_shader_integer_functions",
    "GL_ARB_fragment_coord_conventions",
    "GL_ARB_framebuffer_sRGB",
    "GL_EXT_texture_sRGB",
    "GL_ARB_point_sprite",
    "GL_ARB_shader_draw_parameters",
    "GL_EXT_texture_compression_rgtc",
    "GL_KHR_parallel_shader_compile",
    "GL_AMD_query_buffer_object",
    "GL_ARB_buffer_storage",
    "GL_EXT_texture_array",
    "GL_AMD_pinned_memory",
    "GL_ARB_query_buffer_object",
    "GL_INTEL_shader_atomic_float_minmax",
    "GL_AMD_multi_draw_indirect",
    "GL_KHR_blend_equation_advanced",
    "GL_ARB_map_buffer_range",
    "GL_ARB_provoking_vertex",
    "GL_EXT_texture_mirror_clamp",
    "GL_EXT_draw_instanced",
    "GL_NV_depth_clamp",
    "GL_ARB_texture_rectangle",
    "GL_ARB_occlusion_query2",
    "GL_ARB_base_instance",
    "GL_ARB_uniform_buffer_object",
    "GL_KHR_robust_buffer_access_behavior",
    "GL_ARB_compressed_texture_pixel_storage",
    "GL_ARB_shader_viewport_layer_array",
    "GL_ARB_post_depth_coverage",
    "GL_EXT_timer_query",
    "GL_ARB_texture_filter_anisotropic",
    "GL_AMD_shader_stencil_export",
    "GL_ARB_texture_stencil8",
    "GL_AMD_vertex_shader_viewport_index",
    "GL_ARB_shading_language_420pack",
    "GL_EXT_memory_object",
    "GL_ARB_texture_gather",
    "GL_AMD_texture_texture4",
    "GL_ARB_texture_compression_bptc",
    "GL_ARB_ES3_1_compatibility",
    "GL_ARB_timer_query",
    "GL_ARM_shader_framebuffer_fetch_depth_stencil",
    "GL_ARB_robustness",
    "GL_ARB_viewport_array",
    "GL_EXT_framebuffer_multisample_blit_scaled",
    "GL_ANGLE_texture_compression_dxt3",
    "GL_ARB_ES3_2_compatibility",
    "GL_ARB_depth_clamp",
    "GL_ARB_texture_cube_map_array",
    "GL_EXT_framebuffer_object",
    "GL_ARB_vertex_array_bgra",
    "GL_NV_conditional_render",
    "GL_ARB_texture_mirror_clamp_to_edge",
    "GL_ARB_fragment_layer_viewport",
    "GL_ARB_draw_elements_base_vertex",
    "GL_EXT_texture_sRGB_decode",
    "GL_ARB_tessellation_shader",
    "GL_ARB_seamless_cube_map",
    "GL_NV_texture_barrier",
    "GL_ARB_shader_group_vote",
    "GL_KHR_blend_equation_advanced_coherent",
    "GL_ARB_pixel_buffer_object",
    "GL_MESA_framebuffer_flip_y",
    "GL_ARB_spirv_extensions",
    "GL_ARB_parallel_shader_compile",
    "GL_AMD_shader_trinary_minmax",
    "GL_ARB_transform_feedback_instanced",
    "GL_ARB_multi_draw_indirect",
    "GL_EXT_packed_depth_stencil",
    "GL_KHR_no_error",
    "GL_EXT_blend_equation_separate",
    "GL_EXT_texture_sRGB_R8",
    "GL_ARB_enhanced_layouts",
    "GL_ARB_texture_view",
    "GL_ARB_get_texture_sub_image",
    "GL_ANGLE_texture_compression_dxt5",
    "GL_ARB_shading_language_packing",
    "GL_EXT_framebuffer_sRGB",
    "GL_KHR_debug",
    "GL_ARB_shader_ballot",
    "GL_AMD_seamless_cubemap_per_texture",
    "GL_ARB_robust_buffer_access_behavior",
    "GL_KHR_texture_compression_astc_sliced_3d",
    "GL_ARB_copy_image",
    "GL_ARB_instanced_arrays",
    "GL_ARB_shader_image_load_store",
    "GL_ARB_vertex_type_10f_11f_11f_rev",
    "GL_ARB_gpu_shader_int64",
    "GL_EXT_transform_feedback",
    "GL_EXT_shader_image_load_formatted",
    "GL_ARB_shader_bit_encoding",
    "GL_EXT_abgr",
    "GL_EXT_packed_float",
    "GL_EXT_texture_filter_anisotropic",
    "GL_ARB_shader_objects",
    "GL_ARB_half_float_vertex",
    "GL_AMD_vertex_shader_layer",
    "GL_ARB_invalidate_subdata",
    "GL_ARB_shader_atomic_counter_ops",
    "GL_ATI_texture_float",
    "GL_ARB_sampler_objects",
    "GL_ARB_vertex_attrib_binding",
    "GL_ARB_clip_control",
    "GL_ARB_compute_shader",
    "GL_EXT_texture_storage",
    "GL_EXT_texture_compression_dxt1",
    "GL_EXT_texture_filter_minmax",
    "GL_ATI_blend_equation_separate",
    "GL_NV_copy_image",
    "GL_MESA_texture_signed_rgba",
    "GL_ARB_internalformat_query2",
    "GL_EXT_polygon_offset_clamp",
    "GL_ARB_vertex_type_2_10_10_10_rev",
    "GL_ARB_vertex_attrib_64bit",
    "GL_ARB_multi_bind",
    "GL_NV_alpha_to_coverage_dither_control",
    "GL_ARB_arrays_of_arrays",
    "GL_ARB_texture_multisample",
    "GL_ARB_texture_non_power_of_two",
    "GL_EXT_shader_integer_mix",
    "GL_S3_s3tc",
    "GL_ARB_texture_query_lod",
    "GL_EXT_debug_label",
    "GL_ARB_texture_rgb10_a2ui",
    "GL_3DFX_texture_compression_FXT1",
    "GL_KHR_robustness",
    "GL_ARB_indirect_parameters",
    "GL_AMD_gpu_shader_int64",
    "GL_ARB_seamless_cubemap_per_texture",
    "GL_ARB_draw_instanced",
    "GL_EXT_texture_sRGB_RG8",
    "GL_EXT_vertex_array_bgra",
    "GL_ARB_shader_stencil_export",
    "GL_ARB_shader_atomic_counters",
    "GL_EXT_texture_compression_s3tc",
    "GL_ARB_map_buffer_alignment",
    "GL_ARB_gpu_shader5",
    "GL_ARB_cull_distance",
    "GL_ARB_polygon_offset_clamp",
    "GL_ARB_draw_indirect",
    "GL_EXT_EGL_sync",
    "GL_ARB_shading_language_include",
    "GL_EXT_texture_swizzle",
    "GL_ARB_transform_feedback3",
    "GL_EXT_memory_object_fd",
    "GL_ARB_ES2_compatibility",
    "GL_EXT_draw_buffers2",
    "GL_ARB_transform_feedback_overflow_query",
    "GL_ARB_direct_state_access",
    "GL_EXT_texture_integer",
    "GL_ARB_conservative_depth",
    "GL_KHR_texture_compression_astc_ldr",
    "GL_ARB_shader_clock",
    "GL_ARB_fragment_shader",
    "GL_ARB_explicit_uniform_location",
    "GL_ARB_clear_texture",
    "GL_ARB_conditional_render_inverted",
    "GL_ARB_depth_buffer_float",
    "GL_EXT_framebuffer_multisample",
    "GL_ARB_program_interface_query",
    "GL_NV_shader_atomic_float",
    "GL_ARB_gpu_shader_fp64",
    "GL_ARB_clear_buffer_object",
    "GL_EXT_pixel_buffer_object",
    "GL_NV_packed_depth_stencil",
    "GL_ARB_vertex_buffer_object",
}
2026-02-23T18:03:42.582660Z DEBUG wgpu_core::instance: Found 2 compatible adapters. Sorted by preference:
2026-02-23T18:03:42.582663Z DEBUG wgpu_core::instance: * AdapterInfo { name: "llvmpipe (LLVM 19.1.7, 256 bits)", vendor: 65541, device: 0, device_type: Cpu, driver: "llvmpipe", driver_info: "Mesa 25.0.7-2 (LLVM 19.1.7)", backend: Vulkan }
2026-02-23T18:03:42.582671Z DEBUG wgpu_core::instance: * AdapterInfo { name: "llvmpipe (LLVM 19.1.7, 256 bits)", vendor: 65541, device: 0, device_type: Cpu, driver: "", driver_info: "4.5 (Core Profile) Mesa 25.0.7-2", backend: Gl }
2026-02-23T18:03:42.582673Z DEBUG wgpu_core::instance: Request adapter result AdapterInfo { name: "llvmpipe (LLVM 19.1.7, 256 bits)", vendor: 65541, device: 0, device_type: Cpu, driver: "llvmpipe", driver_info: "Mesa 25.0.7-2 (LLVM 19.1.7)", backend: Vulkan }
2026-02-23T18:03:42.582686Z TRACE wgpu_core::instance: Adapter::request_device
2026-02-23T18:03:42.582714Z DEBUG wgpu_hal::vulkan::adapter: Supported extensions: ["VK_KHR_swapchain", "VK_KHR_swapchain_mutable_format", "VK_EXT_robustness2", "VK_KHR_external_memory_fd", "VK_EXT_external_memory_dma_buf", "VK_EXT_memory_budget"]
2026-02-23T18:03:42.608333Z TRACE wgpu_core::instance: Adapter::create_device
2026-02-23T18:03:42.608650Z TRACE naga::proc::constant_evaluator: try_eval_and_append: Literal(AbstractInt(6))
2026-02-23T18:03:42.608712Z DEBUG naga::front: Resolving [0] = Literal(AbstractInt(6)) : Value(Scalar(Scalar { kind: AbstractInt, width: 8 }))
2026-02-23T18:03:42.608756Z TRACE naga::proc::constant_evaluator: try_eval_and_append: Literal(AbstractInt(0))
2026-02-23T18:03:42.608761Z DEBUG naga::front: Resolving [1] = Literal(I32(6)) : Value(Scalar(Scalar { kind: Sint, width: 4 }))
2026-02-23T18:03:42.608766Z DEBUG naga::front: Resolving [2] = Literal(AbstractInt(0)) : Value(Scalar(Scalar { kind: AbstractInt, width: 8 }))
2026-02-23T18:03:42.608771Z TRACE naga::proc::constant_evaluator: try_eval_and_append: Literal(AbstractInt(0))
2026-02-23T18:03:42.608777Z DEBUG naga::front: Resolving [3] = Literal(I32(0)) : Value(Scalar(Scalar { kind: Sint, width: 4 }))
2026-02-23T18:03:42.608781Z DEBUG naga::front: Resolving [4] = Literal(AbstractInt(0)) : Value(Scalar(Scalar { kind: AbstractInt, width: 8 }))
2026-02-23T18:03:42.608790Z TRACE naga::proc::constant_evaluator: try_eval_and_append: Literal(AbstractInt(1))
2026-02-23T18:03:42.608794Z DEBUG naga::front: Resolving [5] = Literal(I32(0)) : Value(Scalar(Scalar { kind: Sint, width: 4 }))
2026-02-23T18:03:42.608798Z DEBUG naga::front: Resolving [6] = Literal(AbstractInt(1)) : Value(Scalar(Scalar { kind: AbstractInt, width: 8 }))
2026-02-23T18:03:42.608803Z TRACE naga::proc::constant_evaluator: try_eval_and_append: Literal(AbstractInt(0))
2026-02-23T18:03:42.608807Z DEBUG naga::front: Resolving [7] = Literal(I32(1)) : Value(Scalar(Scalar { kind: Sint, width: 4 }))
2026-02-23T18:03:42.608812Z DEBUG naga::front: Resolving [8] = Literal(AbstractInt(0)) : Value(Scalar(Scalar { kind: AbstractInt, width: 8 }))
2026-02-23T18:03:42.608825Z DEBUG naga::front: Resolving [0] = GlobalVariable([1]) : Value(Pointer { base: [2], space: Storage { access: StorageAccess(LOAD) } })
2026-02-23T18:03:42.608832Z DEBUG naga::front: Resolving [1] = GlobalVariable([2]) : Value(Pointer { base: [3], space: PushConstant })
2026-02-23T18:03:42.608839Z DEBUG naga::front: Resolving [2] = AccessIndex { base: [1], index: 0 } : Value(Pointer { base: [0], space: PushConstant })
2026-02-23T18:03:42.608844Z DEBUG naga::front: Resolving [3] = Load { pointer: [2] } : Handle([0])
2026-02-23T18:03:42.608851Z DEBUG naga::front: Resolving [4] = Access { base: [0], index: [3] } : Value(Pointer { base: [0], space: Storage { access: StorageAccess(LOAD) } })
2026-02-23T18:03:42.608857Z DEBUG naga::front: Resolving [5] = Load { pointer: [4] } : Handle([0])
2026-02-23T18:03:42.608860Z DEBUG naga::front: Resolving [6] = GlobalVariable([1]) : Value(Pointer { base: [2], space: Storage { access: StorageAccess(LOAD) } })
2026-02-23T18:03:42.608866Z DEBUG naga::front: Resolving [7] = GlobalVariable([2]) : Value(Pointer { base: [3], space: PushConstant })
2026-02-23T18:03:42.608884Z TRACE naga::proc::constant_evaluator: try_eval_and_append: Literal(AbstractInt(1))
2026-02-23T18:03:42.608889Z DEBUG naga::front: Resolving [8] = AccessIndex { base: [7], index: 0 } : Value(Pointer { base: [0], space: PushConstant })
2026-02-23T18:03:42.608894Z DEBUG naga::front: Resolving [9] = Load { pointer: [8] } : Handle([0])
2026-02-23T18:03:42.608898Z DEBUG naga::front: Resolving [10] = Literal(AbstractInt(1)) : Value(Scalar(Scalar { kind: AbstractInt, width: 8 }))
2026-02-23T18:03:42.608905Z DEBUG naga::front::wgsl::lower::conversion: wgsl automatic_conversion_consensus: u32, {AbstractInt}
2026-02-23T18:03:42.608910Z DEBUG naga::front::wgsl::lower::conversion:     consensus: u32
2026-02-23T18:03:42.608914Z TRACE naga::proc::constant_evaluator: try_eval_and_append: As { expr: [10], kind: Uint, convert: Some(4) }
2026-02-23T18:03:42.608920Z DEBUG naga::front: Resolving [11] = Literal(U32(1)) : Value(Scalar(Scalar { kind: Uint, width: 4 }))
2026-02-23T18:03:42.608924Z DEBUG naga::front: Resolving [12] = Binary { op: Add, left: [9], right: [11] } : Handle([0])
2026-02-23T18:03:42.608932Z DEBUG naga::front: Resolving [13] = Access { base: [6], index: [12] } : Value(Pointer { base: [0], space: Storage { access: StorageAccess(LOAD) } })
2026-02-23T18:03:42.608937Z DEBUG naga::front: Resolving [14] = Load { pointer: [13] } : Handle([0])
2026-02-23T18:03:42.608941Z DEBUG naga::front: Resolving [15] = GlobalVariable([1]) : Value(Pointer { base: [2], space: Storage { access: StorageAccess(LOAD) } })
2026-02-23T18:03:42.608946Z DEBUG naga::front: Resolving [16] = GlobalVariable([2]) : Value(Pointer { base: [3], space: PushConstant })
2026-02-23T18:03:42.608951Z TRACE naga::proc::constant_evaluator: try_eval_and_append: Literal(AbstractInt(2))
2026-02-23T18:03:42.608955Z DEBUG naga::front: Resolving [17] = AccessIndex { base: [16], index: 0 } : Value(Pointer { base: [0], space: PushConstant })
2026-02-23T18:03:42.608959Z DEBUG naga::front: Resolving [18] = Load { pointer: [17] } : Handle([0])
2026-02-23T18:03:42.608963Z DEBUG naga::front: Resolving [19] = Literal(AbstractInt(2)) : Value(Scalar(Scalar { kind: AbstractInt, width: 8 }))
2026-02-23T18:03:42.608968Z DEBUG naga::front::wgsl::lower::conversion: wgsl automatic_conversion_consensus: u32, {AbstractInt}
2026-02-23T18:03:42.608972Z DEBUG naga::front::wgsl::lower::conversion:     consensus: u32
2026-02-23T18:03:42.608975Z TRACE naga::proc::constant_evaluator: try_eval_and_append: As { expr: [19], kind: Uint, convert: Some(4) }
2026-02-23T18:03:42.608980Z DEBUG naga::front: Resolving [20] = Literal(U32(2)) : Value(Scalar(Scalar { kind: Uint, width: 4 }))
2026-02-23T18:03:42.608984Z DEBUG naga::front: Resolving [21] = Binary { op: Add, left: [18], right: [20] } : Handle([0])
2026-02-23T18:03:42.608989Z DEBUG naga::front: Resolving [22] = Access { base: [15], index: [21] } : Value(Pointer { base: [0], space: Storage { access: StorageAccess(LOAD) } })
2026-02-23T18:03:42.608994Z DEBUG naga::front: Resolving [23] = Load { pointer: [22] } : Handle([0])
2026-02-23T18:03:42.608999Z DEBUG naga::front::wgsl::lower::conversion: wgsl automatic_conversion_consensus: u32, u32, u32
2026-02-23T18:03:42.609004Z DEBUG naga::front::wgsl::lower::conversion:     consensus: u32
2026-02-23T18:03:42.609009Z DEBUG naga::front: Resolving [24] = Compose { ty: [4], components: [[5], [14], [23]] } : Handle([4])
2026-02-23T18:03:42.609018Z TRACE naga::proc::constant_evaluator: try_eval_and_append: Literal(U32(65535))
2026-02-23T18:03:42.609022Z DEBUG naga::front: Resolving [25] = Literal(U32(65535)) : Value(Scalar(Scalar { kind: Uint, width: 4 }))
2026-02-23T18:03:42.609029Z DEBUG naga::front: Resolving [26] = AccessIndex { base: [24], index: 0 } : Value(Scalar(Scalar { kind: Uint, width: 4 }))
2026-02-23T18:03:42.609034Z DEBUG naga::front::wgsl::lower::conversion: wgsl automatic_conversion_consensus: u32, u32
2026-02-23T18:03:42.609038Z DEBUG naga::front::wgsl::lower::conversion:     consensus: u32
2026-02-23T18:03:42.609042Z DEBUG naga::front: Resolving [27] = Binary { op: Greater, left: [26], right: [25] } : Value(Scalar(Scalar { kind: Bool, width: 1 }))
2026-02-23T18:03:42.609052Z DEBUG naga::front: Resolving [28] = AccessIndex { base: [24], index: 1 } : Value(Scalar(Scalar { kind: Uint, width: 4 }))
2026-02-23T18:03:42.609057Z DEBUG naga::front::wgsl::lower::conversion: wgsl automatic_conversion_consensus: u32, u32
2026-02-23T18:03:42.609061Z DEBUG naga::front::wgsl::lower::conversion:     consensus: u32
2026-02-23T18:03:42.609065Z DEBUG naga::front: Resolving [29] = Binary { op: Greater, left: [28], right: [25] } : Value(Scalar(Scalar { kind: Bool, width: 1 }))
2026-02-23T18:03:42.609070Z DEBUG naga::front::wgsl::lower::conversion: wgsl automatic_conversion_consensus: bool, bool
2026-02-23T18:03:42.609073Z DEBUG naga::front::wgsl::lower::conversion:     consensus: bool
2026-02-23T18:03:42.609078Z DEBUG naga::front: Resolving [30] = Binary { op: LogicalOr, left: [27], right: [29] } : Value(Scalar(Scalar { kind: Bool, width: 1 }))
2026-02-23T18:03:42.609082Z DEBUG naga::front: Resolving [31] = AccessIndex { base: [24], index: 2 } : Value(Scalar(Scalar { kind: Uint, width: 4 }))
2026-02-23T18:03:42.609087Z DEBUG naga::front::wgsl::lower::conversion: wgsl automatic_conversion_consensus: u32, u32
2026-02-23T18:03:42.609091Z DEBUG naga::front::wgsl::lower::conversion:     consensus: u32
2026-02-23T18:03:42.609095Z DEBUG naga::front: Resolving [32] = Binary { op: Greater, left: [31], right: [25] } : Value(Scalar(Scalar { kind: Bool, width: 1 }))
2026-02-23T18:03:42.609101Z DEBUG naga::front::wgsl::lower::conversion: wgsl automatic_conversion_consensus: bool, bool
2026-02-23T18:03:42.609104Z DEBUG naga::front::wgsl::lower::conversion:     consensus: bool
2026-02-23T18:03:42.609108Z DEBUG naga::front: Resolving [33] = Binary { op: LogicalOr, left: [30], right: [32] } : Value(Scalar(Scalar { kind: Bool, width: 1 }))
2026-02-23T18:03:42.609114Z DEBUG naga::front: Resolving [34] = GlobalVariable([0]) : Value(Pointer { base: [1], space: Storage { access: StorageAccess(LOAD | STORE) } })
2026-02-23T18:03:42.609120Z TRACE naga::proc::constant_evaluator: try_eval_and_append: Literal(U32(0))
2026-02-23T18:03:42.609124Z TRACE naga::proc::constant_evaluator: try_eval_and_append: Literal(U32(0))
2026-02-23T18:03:42.609128Z TRACE naga::proc::constant_evaluator: try_eval_and_append: Literal(U32(0))
2026-02-23T18:03:42.609132Z TRACE naga::proc::constant_evaluator: try_eval_and_append: Literal(U32(0))
2026-02-23T18:03:42.609135Z TRACE naga::proc::constant_evaluator: try_eval_and_append: Literal(U32(0))
2026-02-23T18:03:42.609139Z TRACE naga::proc::constant_evaluator: try_eval_and_append: Literal(U32(0))
2026-02-23T18:03:42.609143Z DEBUG naga::front: Resolving [35] = Literal(U32(0)) : Value(Scalar(Scalar { kind: Uint, width: 4 }))
2026-02-23T18:03:42.609148Z DEBUG naga::front: Resolving [36] = Literal(U32(0)) : Value(Scalar(Scalar { kind: Uint, width: 4 }))
2026-02-23T18:03:42.609152Z DEBUG naga::front: Resolving [37] = Literal(U32(0)) : Value(Scalar(Scalar { kind: Uint, width: 4 }))
2026-02-23T18:03:42.609156Z DEBUG naga::front: Resolving [38] = Literal(U32(0)) : Value(Scalar(Scalar { kind: Uint, width: 4 }))
2026-02-23T18:03:42.609160Z DEBUG naga::front: Resolving [39] = Literal(U32(0)) : Value(Scalar(Scalar { kind: Uint, width: 4 }))
2026-02-23T18:03:42.609164Z DEBUG naga::front: Resolving [40] = Literal(U32(0)) : Value(Scalar(Scalar { kind: Uint, width: 4 }))
2026-02-23T18:03:42.609170Z DEBUG naga::front::wgsl::lower::conversion: wgsl automatic_conversion_consensus: u32, u32, u32, u32, u32, u32
2026-02-23T18:03:42.609174Z DEBUG naga::front::wgsl::lower::conversion:     consensus: u32
2026-02-23T18:03:42.609179Z TRACE naga::proc::constant_evaluator: try_eval_and_append: Compose { ty: [1], components: [[35], [36], [37], [38], [39], [40]] }
2026-02-23T18:03:42.609185Z DEBUG naga::front: Resolving [41] = Compose { ty: [1], components: [[35], [36], [37], [38], [39], [40]] } : Handle([1])
2026-02-23T18:03:42.609192Z DEBUG naga::front: Resolving [42] = GlobalVariable([0]) : Value(Pointer { base: [1], space: Storage { access: StorageAccess(LOAD | STORE) } })
2026-02-23T18:03:42.609204Z DEBUG naga::front: Resolving [43] = AccessIndex { base: [24], index: 0 } : Value(Scalar(Scalar { kind: Uint, width: 4 }))
2026-02-23T18:03:42.609209Z DEBUG naga::front: Resolving [44] = AccessIndex { base: [24], index: 1 } : Value(Scalar(Scalar { kind: Uint, width: 4 }))
2026-02-23T18:03:42.609213Z DEBUG naga::front: Resolving [45] = AccessIndex { base: [24], index: 2 } : Value(Scalar(Scalar { kind: Uint, width: 4 }))
2026-02-23T18:03:42.609217Z DEBUG naga::front: Resolving [46] = AccessIndex { base: [24], index: 0 } : Value(Scalar(Scalar { kind: Uint, width: 4 }))
2026-02-23T18:03:42.609221Z DEBUG naga::front: Resolving [47] = AccessIndex { base: [24], index: 1 } : Value(Scalar(Scalar { kind: Uint, width: 4 }))
2026-02-23T18:03:42.609226Z DEBUG naga::front: Resolving [48] = AccessIndex { base: [24], index: 2 } : Value(Scalar(Scalar { kind: Uint, width: 4 }))
2026-02-23T18:03:42.609231Z DEBUG naga::front::wgsl::lower::conversion: wgsl automatic_conversion_consensus: u32, u32, u32, u32, u32, u32
2026-02-23T18:03:42.609236Z DEBUG naga::front::wgsl::lower::conversion:     consensus: u32
2026-02-23T18:03:42.609240Z DEBUG naga::front: Resolving [49] = Compose { ty: [1], components: [[43], [44], [45], [46], [47], [48]] } : Handle([1])
2026-02-23T18:03:42.609248Z TRACE naga::proc::constant_evaluator: try_eval_and_append: Literal(AbstractInt(1))
2026-02-23T18:03:42.609253Z DEBUG naga::front: Resolving [9] = Literal(I32(0)) : Value(Scalar(Scalar { kind: Sint, width: 4 }))
2026-02-23T18:03:42.609257Z DEBUG naga::front: Resolving [10] = Literal(AbstractInt(1)) : Value(Scalar(Scalar { kind: AbstractInt, width: 8 }))
2026-02-23T18:03:42.609265Z TRACE naga::compact: tracing entry points
2026-02-23T18:03:42.609269Z TRACE naga::compact: tracing entry point Some("main")
2026-02-23T18:03:42.609276Z TRACE naga::compact::expressions: entering trace_expression of function expressions
2026-02-23T18:03:42.609280Z TRACE naga::compact::expressions: tracing new expression Compose { ty: [1], components: [[43], [44], [45], [46], [47], [48]] }
2026-02-23T18:03:42.609285Z TRACE naga::compact::expressions: tracing new expression AccessIndex { base: [24], index: 2 }
2026-02-23T18:03:42.609289Z TRACE naga::compact::expressions: tracing new expression AccessIndex { base: [24], index: 1 }
2026-02-23T18:03:42.609293Z TRACE naga::compact::expressions: tracing new expression AccessIndex { base: [24], index: 0 }
2026-02-23T18:03:42.609297Z TRACE naga::compact::expressions: tracing new expression AccessIndex { base: [24], index: 2 }
2026-02-23T18:03:42.609301Z TRACE naga::compact::expressions: tracing new expression AccessIndex { base: [24], index: 1 }
2026-02-23T18:03:42.609304Z TRACE naga::compact::expressions: tracing new expression AccessIndex { base: [24], index: 0 }
2026-02-23T18:03:42.609308Z TRACE naga::compact::expressions: tracing new expression GlobalVariable([0])
2026-02-23T18:03:42.609312Z TRACE naga::compact::expressions: tracing new expression Compose { ty: [1], components: [[35], [36], [37], [38], [39], [40]] }
2026-02-23T18:03:42.609316Z TRACE naga::compact::expressions: tracing new expression Literal(U32(0))
2026-02-23T18:03:42.609320Z TRACE naga::compact::expressions: tracing new expression Literal(U32(0))
2026-02-23T18:03:42.609323Z TRACE naga::compact::expressions: tracing new expression Literal(U32(0))
2026-02-23T18:03:42.609327Z TRACE naga::compact::expressions: tracing new expression Literal(U32(0))
2026-02-23T18:03:42.609330Z TRACE naga::compact::expressions: tracing new expression Literal(U32(0))
2026-02-23T18:03:42.609333Z TRACE naga::compact::expressions: tracing new expression Literal(U32(0))
2026-02-23T18:03:42.609337Z TRACE naga::compact::expressions: tracing new expression GlobalVariable([0])
2026-02-23T18:03:42.609340Z TRACE naga::compact::expressions: tracing new expression Binary { op: LogicalOr, left: [30], right: [32] }
2026-02-23T18:03:42.609344Z TRACE naga::compact::expressions: tracing new expression Binary { op: Greater, left: [31], right: [25] }
2026-02-23T18:03:42.609362Z TRACE naga::compact::expressions: tracing new expression AccessIndex { base: [24], index: 2 }
2026-02-23T18:03:42.609364Z TRACE naga::compact::expressions: tracing new expression Binary { op: LogicalOr, left: [27], right: [29] }
2026-02-23T18:03:42.609365Z TRACE naga::compact::expressions: tracing new expression Binary { op: Greater, left: [28], right: [25] }
2026-02-23T18:03:42.609367Z TRACE naga::compact::expressions: tracing new expression AccessIndex { base: [24], index: 1 }
2026-02-23T18:03:42.609369Z TRACE naga::compact::expressions: tracing new expression Binary { op: Greater, left: [26], right: [25] }
2026-02-23T18:03:42.609371Z TRACE naga::compact::expressions: tracing new expression AccessIndex { base: [24], index: 0 }
2026-02-23T18:03:42.609373Z TRACE naga::compact::expressions: tracing new expression Literal(U32(65535))
2026-02-23T18:03:42.609374Z TRACE naga::compact::expressions: tracing new expression Compose { ty: [4], components: [[5], [14], [23]] }
2026-02-23T18:03:42.609377Z TRACE naga::compact::expressions: tracing new expression Load { pointer: [22] }
2026-02-23T18:03:42.609378Z TRACE naga::compact::expressions: tracing new expression Access { base: [15], index: [21] }
2026-02-23T18:03:42.609380Z TRACE naga::compact::expressions: tracing new expression Binary { op: Add, left: [18], right: [20] }
2026-02-23T18:03:42.609382Z TRACE naga::compact::expressions: tracing new expression Literal(U32(2))
2026-02-23T18:03:42.609384Z TRACE naga::compact::expressions: tracing new expression Load { pointer: [17] }
2026-02-23T18:03:42.609386Z TRACE naga::compact::expressions: tracing new expression AccessIndex { base: [16], index: 0 }
2026-02-23T18:03:42.609387Z TRACE naga::compact::expressions: tracing new expression GlobalVariable([2])
2026-02-23T18:03:42.609389Z TRACE naga::compact::expressions: tracing new expression GlobalVariable([1])
2026-02-23T18:03:42.609391Z TRACE naga::compact::expressions: tracing new expression Load { pointer: [13] }
2026-02-23T18:03:42.609392Z TRACE naga::compact::expressions: tracing new expression Access { base: [6], index: [12] }
2026-02-23T18:03:42.609394Z TRACE naga::compact::expressions: tracing new expression Binary { op: Add, left: [9], right: [11] }
2026-02-23T18:03:42.609396Z TRACE naga::compact::expressions: tracing new expression Literal(U32(1))
2026-02-23T18:03:42.609398Z TRACE naga::compact::expressions: tracing new expression Load { pointer: [8] }
2026-02-23T18:03:42.609399Z TRACE naga::compact::expressions: tracing new expression AccessIndex { base: [7], index: 0 }
2026-02-23T18:03:42.609401Z TRACE naga::compact::expressions: tracing new expression GlobalVariable([2])
2026-02-23T18:03:42.609403Z TRACE naga::compact::expressions: tracing new expression GlobalVariable([1])
2026-02-23T18:03:42.609405Z TRACE naga::compact::expressions: tracing new expression Load { pointer: [4] }
2026-02-23T18:03:42.609406Z TRACE naga::compact::expressions: tracing new expression Access { base: [0], index: [3] }
2026-02-23T18:03:42.609408Z TRACE naga::compact::expressions: tracing new expression Load { pointer: [2] }
2026-02-23T18:03:42.609410Z TRACE naga::compact::expressions: tracing new expression AccessIndex { base: [1], index: 0 }
2026-02-23T18:03:42.609412Z TRACE naga::compact::expressions: tracing new expression GlobalVariable([2])
2026-02-23T18:03:42.609413Z TRACE naga::compact::expressions: tracing new expression GlobalVariable([1])
2026-02-23T18:03:42.609416Z TRACE naga::compact: tracing functions
2026-02-23T18:03:42.609418Z TRACE naga::compact: tracing special types
2026-02-23T18:03:42.609420Z TRACE naga::compact: tracing global variables
2026-02-23T18:03:42.609421Z TRACE naga::compact: tracing global Some("dst")
2026-02-23T18:03:42.609423Z TRACE naga::compact: tracing global Some("src")
2026-02-23T18:03:42.609425Z TRACE naga::compact: tracing global Some("offset")
2026-02-23T18:03:42.609427Z TRACE naga::compact: tracing named constants
2026-02-23T18:03:42.609430Z TRACE naga::compact: compacting types
2026-02-23T18:03:42.609432Z TRACE naga::compact::handle_set_map: adjusting naga::ir::Type handle [0] -> [Some(0)]
2026-02-23T18:03:42.609438Z TRACE naga::compact::handle_set_map: adjusting naga::ir::Type handle [1] -> [Some(1)]
2026-02-23T18:03:42.609440Z TRACE naga::compact::handle_set_map: adjusting naga::ir::Type handle [0] -> [Some(0)]
2026-02-23T18:03:42.609441Z TRACE naga::compact::handle_set_map: adjusting naga::ir::Type handle [2] -> [Some(2)]
2026-02-23T18:03:42.609443Z TRACE naga::compact::handle_set_map: adjusting naga::ir::Type handle [0] -> [Some(0)]
2026-02-23T18:03:42.609445Z TRACE naga::compact::handle_set_map: adjusting naga::ir::Type handle [3] -> [Some(3)]
2026-02-23T18:03:42.609447Z TRACE naga::compact::handle_set_map: adjusting naga::ir::Type handle [0] -> [Some(0)]
2026-02-23T18:03:42.609449Z TRACE naga::compact::handle_set_map: adjusting naga::ir::Type handle [4] -> [Some(4)]
2026-02-23T18:03:42.609451Z TRACE naga::compact: adjusting special types
2026-02-23T18:03:42.609453Z TRACE naga::compact: adjusting constant expressions
2026-02-23T18:03:42.609454Z TRACE naga::compact: adjusting constants
2026-02-23T18:03:42.609456Z TRACE naga::compact: adjusting overrides
2026-02-23T18:03:42.609458Z TRACE naga::compact: adjusting workgroup_size_overrides
2026-02-23T18:03:42.609460Z TRACE naga::compact: adjusting global variables
2026-02-23T18:03:42.609461Z TRACE naga::compact: retaining global variable Some("dst")
2026-02-23T18:03:42.609463Z TRACE naga::compact::handle_set_map: adjusting naga::ir::Type handle [1] -> [Some(1)]
2026-02-23T18:03:42.609465Z TRACE naga::compact: retaining global variable Some("src")
2026-02-23T18:03:42.609466Z TRACE naga::compact::handle_set_map: adjusting naga::ir::Type handle [2] -> [Some(2)]
2026-02-23T18:03:42.609468Z TRACE naga::compact: retaining global variable Some("offset")
2026-02-23T18:03:42.609470Z TRACE naga::compact::handle_set_map: adjusting naga::ir::Type handle [3] -> [Some(3)]
2026-02-23T18:03:42.609472Z TRACE naga::compact: compacting entry point Some("main")
2026-02-23T18:03:42.609474Z TRACE naga::compact::handle_set_map: adjusting naga::ir::GlobalVariable handle [1] -> [Some(1)]
2026-02-23T18:03:42.609475Z TRACE naga::compact::handle_set_map: adjusting naga::ir::GlobalVariable handle [2] -> [Some(2)]
2026-02-23T18:03:42.609477Z TRACE naga::compact::handle_set_map: adjusting naga::ir::Expression handle [1] -> [Some(1)]
2026-02-23T18:03:42.609479Z TRACE naga::compact::handle_set_map: adjusting naga::ir::Expression handle [2] -> [Some(2)]
2026-02-23T18:03:42.609481Z TRACE naga::compact::handle_set_map: adjusting naga::ir::Expression handle [0] -> [Some(0)]
2026-02-23T18:03:42.609483Z TRACE naga::compact::handle_set_map: adjusting naga::ir::Expression handle [3] -> [Some(3)]
2026-02-23T18:03:42.609484Z TRACE naga::compact::handle_set_map: adjusting naga::ir::Expression handle [4] -> [Some(4)]
2026-02-23T18:03:42.609486Z TRACE naga::compact::handle_set_map: adjusting naga::ir::GlobalVariable handle [1] -> [Some(1)]
2026-02-23T18:03:42.609488Z TRACE naga::compact::handle_set_map: adjusting naga::ir::GlobalVariable handle [2] -> [Some(2)]
2026-02-23T18:03:42.609490Z TRACE naga::compact::handle_set_map: adjusting naga::ir::Expression handle [7] -> [Some(7)]
2026-02-23T18:03:42.609491Z TRACE naga::compact::handle_set_map: adjusting naga::ir::Expression handle [8] -> [Some(8)]
2026-02-23T18:03:42.609493Z TRACE naga::compact::handle_set_map: adjusting naga::ir::Expression handle [9] -> [Some(9)]
2026-02-23T18:03:42.609495Z TRACE naga::compact::handle_set_map: adjusting naga::ir::Expression handle [11] -> [Some(10)]
2026-02-23T18:03:42.609497Z TRACE naga::compact::handle_set_map: adjusting naga::ir::Expression handle [6] -> [Some(6)]
2026-02-23T18:03:42.609498Z TRACE naga::compact::handle_set_map: adjusting naga::ir::Expression handle [12] -> [Some(11)]
2026-02-23T18:03:42.609500Z TRACE naga::compact::handle_set_map: adjusting naga::ir::Expression handle [13] -> [Some(12)]
2026-02-23T18:03:42.609502Z TRACE naga::compact::handle_set_map: adjusting naga::ir::GlobalVariable handle [1] -> [Some(1)]
2026-02-23T18:03:42.609506Z TRACE naga::compact::handle_set_map: adjusting naga::ir::GlobalVariable handle [2] -> [Some(2)]
2026-02-23T18:03:42.609508Z TRACE naga::compact::handle_set_map: adjusting naga::ir::Expression handle [16] -> [Some(15)]
2026-02-23T18:03:42.609510Z TRACE naga::compact::handle_set_map: adjusting naga::ir::Expression handle [17] -> [Some(16)]
2026-02-23T18:03:42.609512Z TRACE naga::compact::handle_set_map: adjusting naga::ir::Expression handle [18] -> [Some(17)]
2026-02-23T18:03:42.609513Z TRACE naga::compact::handle_set_map: adjusting naga::ir::Expression handle [20] -> [Some(18)]
2026-02-23T18:03:42.609515Z TRACE naga::compact::handle_set_map: adjusting naga::ir::Expression handle [15] -> [Some(14)]
2026-02-23T18:03:42.609517Z TRACE naga::compact::handle_set_map: adjusting naga::ir::Expression handle [21] -> [Some(19)]
2026-02-23T18:03:42.609519Z TRACE naga::compact::handle_set_map: adjusting naga::ir::Expression handle [22] -> [Some(20)]
2026-02-23T18:03:42.609520Z TRACE naga::compact::handle_set_map: adjusting naga::ir::Type handle [4] -> [Some(4)]
2026-02-23T18:03:42.609522Z TRACE naga::compact::handle_set_map: adjusting naga::ir::Expression handle [5] -> [Some(5)]
2026-02-23T18:03:42.609524Z TRACE naga::compact::handle_set_map: adjusting naga::ir::Expression handle [14] -> [Some(13)]
2026-02-23T18:03:42.609526Z TRACE naga::compact::handle_set_map: adjusting naga::ir::Expression handle [23] -> [Some(21)]
2026-02-23T18:03:42.609527Z TRACE naga::compact::handle_set_map: adjusting naga::ir::Expression handle [24] -> [Some(22)]
2026-02-23T18:03:42.609529Z TRACE naga::compact::handle_set_map: adjusting naga::ir::Expression handle [26] -> [Some(24)]
2026-02-23T18:03:42.609531Z TRACE naga::compact::handle_set_map: adjusting naga::ir::Expression handle [25] -> [Some(23)]
2026-02-23T18:03:42.609533Z TRACE naga::compact::handle_set_map: adjusting naga::ir::Expression handle [24] -> [Some(22)]
2026-02-23T18:03:42.609535Z TRACE naga::compact::handle_set_map: adjusting naga::ir::Expression handle [28] -> [Some(26)]
2026-02-23T18:03:42.609536Z TRACE naga::compact::handle_set_map: adjusting naga::ir::Expression handle [25] -> [Some(23)]
2026-02-23T18:03:42.609538Z TRACE naga::compact::handle_set_map: adjusting naga::ir::Expression handle [27] -> [Some(25)]
2026-02-23T18:03:42.609540Z TRACE naga::compact::handle_set_map: adjusting naga::ir::Expression handle [29] -> [Some(27)]
2026-02-23T18:03:42.609542Z TRACE naga::compact::handle_set_map: adjusting naga::ir::Expression handle [24] -> [Some(22)]
2026-02-23T18:03:42.609543Z TRACE naga::compact::handle_set_map: adjusting naga::ir::Expression handle [31] -> [Some(29)]
2026-02-23T18:03:42.609546Z TRACE naga::compact::handle_set_map: adjusting naga::ir::Expression handle [25] -> [Some(23)]
2026-02-23T18:03:42.609547Z TRACE naga::compact::handle_set_map: adjusting naga::ir::Expression handle [30] -> [Some(28)]
2026-02-23T18:03:42.609549Z TRACE naga::compact::handle_set_map: adjusting naga::ir::Expression handle [32] -> [Some(30)]
2026-02-23T18:03:42.609551Z TRACE naga::compact::handle_set_map: adjusting naga::ir::GlobalVariable handle [0] -> [Some(0)]
2026-02-23T18:03:42.609553Z TRACE naga::compact::handle_set_map: adjusting naga::ir::Type handle [1] -> [Some(1)]
2026-02-23T18:03:42.609554Z TRACE naga::compact::handle_set_map: adjusting naga::ir::Expression handle [35] -> [Some(33)]
2026-02-23T18:03:42.609556Z TRACE naga::compact::handle_set_map: adjusting naga::ir::Expression handle [36] -> [Some(34)]
2026-02-23T18:03:42.609558Z TRACE naga::compact::handle_set_map: adjusting naga::ir::Expression handle [37] -> [Some(35)]
2026-02-23T18:03:42.609560Z TRACE naga::compact::handle_set_map: adjusting naga::ir::Expression handle [38] -> [Some(36)]
2026-02-23T18:03:42.609561Z TRACE naga::compact::handle_set_map: adjusting naga::ir::Expression handle [39] -> [Some(37)]
2026-02-23T18:03:42.609563Z TRACE naga::compact::handle_set_map: adjusting naga::ir::Expression handle [40] -> [Some(38)]
2026-02-23T18:03:42.609565Z TRACE naga::compact::handle_set_map: adjusting naga::ir::GlobalVariable handle [0] -> [Some(0)]
2026-02-23T18:03:42.609569Z TRACE naga::compact::handle_set_map: adjusting naga::ir::Expression handle [24] -> [Some(22)]
2026-02-23T18:03:42.609571Z TRACE naga::compact::handle_set_map: adjusting naga::ir::Expression handle [24] -> [Some(22)]
2026-02-23T18:03:42.609573Z TRACE naga::compact::handle_set_map: adjusting naga::ir::Expression handle [24] -> [Some(22)]
2026-02-23T18:03:42.609574Z TRACE naga::compact::handle_set_map: adjusting naga::ir::Expression handle [24] -> [Some(22)]
2026-02-23T18:03:42.609576Z TRACE naga::compact::handle_set_map: adjusting naga::ir::Expression handle [24] -> [Some(22)]
2026-02-23T18:03:42.609578Z TRACE naga::compact::handle_set_map: adjusting naga::ir::Expression handle [24] -> [Some(22)]
2026-02-23T18:03:42.609580Z TRACE naga::compact::handle_set_map: adjusting naga::ir::Type handle [1] -> [Some(1)]
2026-02-23T18:03:42.609581Z TRACE naga::compact::handle_set_map: adjusting naga::ir::Expression handle [43] -> [Some(41)]
2026-02-23T18:03:42.609583Z TRACE naga::compact::handle_set_map: adjusting naga::ir::Expression handle [44] -> [Some(42)]
2026-02-23T18:03:42.609585Z TRACE naga::compact::handle_set_map: adjusting naga::ir::Expression handle [45] -> [Some(43)]
2026-02-23T18:03:42.609586Z TRACE naga::compact::handle_set_map: adjusting naga::ir::Expression handle [46] -> [Some(44)]
2026-02-23T18:03:42.609588Z TRACE naga::compact::handle_set_map: adjusting naga::ir::Expression handle [47] -> [Some(45)]
2026-02-23T18:03:42.609590Z TRACE naga::compact::handle_set_map: adjusting naga::ir::Expression handle [48] -> [Some(46)]
2026-02-23T18:03:42.609592Z TRACE naga::compact::handle_set_map: adjusting naga::ir::Expression handle [24] -> [Some(22)]
2026-02-23T18:03:42.609594Z TRACE naga::compact::handle_set_map: adjusting naga::ir::Expression handle [25] -> [Some(23)]
2026-02-23T18:03:42.609596Z TRACE naga::compact::handle_set_map: adjusting naga::ir::Expression handle [33] -> [Some(31)]
2026-02-23T18:03:42.609598Z TRACE naga::compact::handle_set_map: adjusting naga::ir::Expression handle [42] -> [Some(40)]
2026-02-23T18:03:42.609600Z TRACE naga::compact::handle_set_map: adjusting naga::ir::Expression handle [49] -> [Some(47)]
2026-02-23T18:03:42.609601Z TRACE naga::compact::handle_set_map: adjusting naga::ir::Expression handle [34] -> [Some(32)]
2026-02-23T18:03:42.609603Z TRACE naga::compact::handle_set_map: adjusting naga::ir::Expression handle [41] -> [Some(39)]
2026-02-23T18:03:42.609615Z DEBUG naga::valid::interface: var GlobalVariable { name: Some("dst"), space: Storage { access: StorageAccess(LOAD | STORE) }, binding: Some(ResourceBinding { group: 0, binding: 0 }), ty: [1], init: None }
2026-02-23T18:03:42.609619Z DEBUG naga::valid::interface: var GlobalVariable { name: Some("src"), space: Storage { access: StorageAccess(LOAD) }, binding: Some(ResourceBinding { group: 1, binding: 0 }), ty: [2], init: None }
2026-02-23T18:03:42.609621Z DEBUG naga::valid::interface: var GlobalVariable { name: Some("offset"), space: PushConstant, binding: None, ty: [3], init: None }
2026-02-23T18:03:42.609669Z TRACE naga::back::spv::writer: Generating wrapped functions for Some("main")
2026-02-23T18:03:42.609688Z TRACE naga::back::spv::writer: Generating code for Some("main")
2026-02-23T18:03:42.612872Z TRACE naga::proc::constant_evaluator: try_eval_and_append: Literal(AbstractInt(0))
2026-02-23T18:03:42.612973Z DEBUG naga::front: Resolving [0] = Literal(AbstractInt(0)) : Value(Scalar(Scalar { kind: AbstractInt, width: 8 }))
2026-02-23T18:03:42.612983Z TRACE naga::proc::constant_evaluator: try_eval_and_append: Literal(AbstractInt(0))
2026-02-23T18:03:42.612986Z DEBUG naga::front: Resolving [1] = Literal(I32(0)) : Value(Scalar(Scalar { kind: Sint, width: 4 }))
2026-02-23T18:03:42.612989Z DEBUG naga::front: Resolving [2] = Literal(AbstractInt(0)) : Value(Scalar(Scalar { kind: AbstractInt, width: 8 }))
2026-02-23T18:03:42.612993Z TRACE naga::proc::constant_evaluator: try_eval_and_append: Literal(AbstractInt(1))
2026-02-23T18:03:42.612995Z DEBUG naga::front: Resolving [3] = Literal(I32(0)) : Value(Scalar(Scalar { kind: Sint, width: 4 }))
2026-02-23T18:03:42.613006Z DEBUG naga::front: Resolving [4] = Literal(AbstractInt(1)) : Value(Scalar(Scalar { kind: AbstractInt, width: 8 }))
2026-02-23T18:03:42.613009Z TRACE naga::proc::constant_evaluator: try_eval_and_append: Literal(AbstractInt(0))
2026-02-23T18:03:42.613011Z DEBUG naga::front: Resolving [5] = Literal(I32(1)) : Value(Scalar(Scalar { kind: Sint, width: 4 }))
2026-02-23T18:03:42.613014Z DEBUG naga::front: Resolving [6] = Literal(AbstractInt(0)) : Value(Scalar(Scalar { kind: AbstractInt, width: 8 }))
2026-02-23T18:03:42.613017Z TRACE naga::proc::constant_evaluator: try_eval_and_append: Literal(AbstractInt(2))
2026-02-23T18:03:42.613019Z DEBUG naga::front: Resolving [7] = Literal(I32(0)) : Value(Scalar(Scalar { kind: Sint, width: 4 }))
2026-02-23T18:03:42.613022Z DEBUG naga::front: Resolving [8] = Literal(AbstractInt(2)) : Value(Scalar(Scalar { kind: AbstractInt, width: 8 }))
2026-02-23T18:03:42.613025Z TRACE naga::proc::constant_evaluator: try_eval_and_append: Literal(AbstractInt(0))
2026-02-23T18:03:42.613027Z DEBUG naga::front: Resolving [9] = Literal(I32(2)) : Value(Scalar(Scalar { kind: Sint, width: 4 }))
2026-02-23T18:03:42.613030Z DEBUG naga::front: Resolving [10] = Literal(AbstractInt(0)) : Value(Scalar(Scalar { kind: AbstractInt, width: 8 }))
2026-02-23T18:03:42.613036Z DEBUG naga::front: Resolving [0] = FunctionArgument(0) : Handle([1])
2026-02-23T18:03:42.613039Z DEBUG naga::front: Resolving [1] = FunctionArgument(1) : Handle([1])
2026-02-23T18:03:42.613042Z TRACE naga::proc::constant_evaluator: try_eval_and_append: Literal(U32(1))
2026-02-23T18:03:42.613045Z DEBUG naga::front: Resolving [2] = Binary { op: ShiftRight, left: [0], right: [1] } : Handle([1])
2026-02-23T18:03:42.613048Z DEBUG naga::front: Resolving [3] = Literal(U32(1)) : Value(Scalar(Scalar { kind: Uint, width: 4 }))
2026-02-23T18:03:42.613052Z DEBUG naga::front::wgsl::lower::conversion: wgsl automatic_conversion_consensus: u32, u32
2026-02-23T18:03:42.613055Z DEBUG naga::front::wgsl::lower::conversion:     consensus: u32
2026-02-23T18:03:42.613058Z TRACE naga::proc::constant_evaluator: try_eval_and_append: Literal(U32(1))
2026-02-23T18:03:42.613060Z DEBUG naga::front: Resolving [4] = Binary { op: And, left: [2], right: [3] } : Handle([1])
2026-02-23T18:03:42.613063Z DEBUG naga::front: Resolving [5] = Literal(U32(1)) : Value(Scalar(Scalar { kind: Uint, width: 4 }))
2026-02-23T18:03:42.613065Z DEBUG naga::front::wgsl::lower::conversion: wgsl automatic_conversion_consensus: u32, u32
2026-02-23T18:03:42.613067Z DEBUG naga::front::wgsl::lower::conversion:     consensus: u32
2026-02-23T18:03:42.613070Z DEBUG naga::front: Resolving [6] = Binary { op: Equal, left: [4], right: [5] } : Value(Scalar(Scalar { kind: Bool, width: 1 }))
2026-02-23T18:03:42.613076Z DEBUG naga::front: Resolving [0] = FunctionArgument(0) : Handle([6])
2026-02-23T18:03:42.613080Z DEBUG naga::front: Resolving [1] = AccessIndex { base: [0], index: 0 } : Value(Scalar(Scalar { kind: Uint, width: 4 }))
2026-02-23T18:03:42.613083Z DEBUG naga::front: Resolving [2] = GlobalVariable([0]) : Value(Pointer { base: [3], space: PushConstant })
2026-02-23T18:03:42.613088Z DEBUG naga::front: Resolving [3] = AccessIndex { base: [2], index: 1 } : Value(Pointer { base: [1], space: PushConstant })
2026-02-23T18:03:42.613091Z DEBUG naga::front: Resolving [4] = Load { pointer: [3] } : Handle([1])
2026-02-23T18:03:42.613094Z DEBUG naga::front::wgsl::lower::conversion: wgsl automatic_conversion_consensus: u32, u32
2026-02-23T18:03:42.613096Z DEBUG naga::front::wgsl::lower::conversion:     consensus: u32
2026-02-23T18:03:42.613098Z DEBUG naga::front: Resolving [5] = Binary { op: GreaterEqual, left: [1], right: [4] } : Value(Scalar(Scalar { kind: Bool, width: 1 }))
2026-02-23T18:03:42.613102Z DEBUG naga::front: Resolving [6] = GlobalVariable([1]) : Value(Pointer { base: [4], space: Storage { access: StorageAccess(LOAD) } })
2026-02-23T18:03:42.613105Z DEBUG naga::front: Resolving [7] = GlobalVariable([0]) : Value(Pointer { base: [3], space: PushConstant })
2026-02-23T18:03:42.613112Z DEBUG naga::front: Resolving [8] = AccessIndex { base: [7], index: 0 } : Value(Pointer { base: [1], space: PushConstant })
2026-02-23T18:03:42.613115Z DEBUG naga::front: Resolving [9] = Load { pointer: [8] } : Handle([1])
2026-02-23T18:03:42.613117Z DEBUG naga::front: Resolving [10] = AccessIndex { base: [0], index: 0 } : Value(Scalar(Scalar { kind: Uint, width: 4 }))
2026-02-23T18:03:42.613120Z DEBUG naga::front::wgsl::lower::conversion: wgsl automatic_conversion_consensus: u32, u32
2026-02-23T18:03:42.613122Z DEBUG naga::front::wgsl::lower::conversion:     consensus: u32
2026-02-23T18:03:42.613124Z DEBUG naga::front: Resolving [11] = Binary { op: Add, left: [9], right: [10] } : Handle([1])
2026-02-23T18:03:42.613127Z DEBUG naga::front: Resolving [12] = Access { base: [6], index: [11] } : Value(Pointer { base: [2], space: Storage { access: StorageAccess(LOAD) } })
2026-02-23T18:03:42.613130Z DEBUG naga::front: Resolving [13] = Load { pointer: [12] } : Handle([2])
2026-02-23T18:03:42.613133Z TRACE naga::proc::constant_evaluator: try_eval_and_append: Literal(Bool(false))
2026-02-23T18:03:42.613135Z DEBUG naga::front: Resolving [14] = Literal(Bool(false)) : Value(Scalar(Scalar { kind: Bool, width: 1 }))
2026-02-23T18:03:42.613140Z DEBUG naga::front: Resolving [15] = LocalVariable([0]) : Value(Pointer { base: [0], space: Function })
2026-02-23T18:03:42.613143Z DEBUG naga::front: Resolving [16] = AccessIndex { base: [13], index: 0 } : Handle([1])
2026-02-23T18:03:42.613146Z TRACE naga::proc::constant_evaluator: try_eval_and_append: Literal(AbstractInt(31))
2026-02-23T18:03:42.613149Z DEBUG naga::front: Resolving [17] = Literal(AbstractInt(31)) : Value(Scalar(Scalar { kind: AbstractInt, width: 8 }))
2026-02-23T18:03:42.613152Z TRACE naga::proc::type_methods:       okay: expr Scalar { kind: AbstractInt, width: 8 }, goal Scalar { kind: Uint, width: 4 }
2026-02-23T18:03:42.613155Z TRACE naga::proc::constant_evaluator: try_eval_and_append: As { expr: [17], kind: Uint, convert: Some(4) }
2026-02-23T18:03:42.613159Z DEBUG naga::front: Resolving [18] = Literal(U32(31)) : Value(Scalar(Scalar { kind: Uint, width: 4 }))
2026-02-23T18:03:42.613162Z DEBUG naga::front: Resolving [19] = CallResult([0]) : Handle([0])
2026-02-23T18:03:42.613165Z TRACE naga::proc::constant_evaluator: try_eval_and_append: Literal(AbstractInt(2))
2026-02-23T18:03:42.613168Z DEBUG naga::front: Resolving [20] = AccessIndex { base: [13], index: 0 } : Handle([1])
2026-02-23T18:03:42.613170Z DEBUG naga::front: Resolving [21] = Literal(AbstractInt(2)) : Value(Scalar(Scalar { kind: AbstractInt, width: 8 }))
2026-02-23T18:03:42.613173Z TRACE naga::proc::constant_evaluator: try_eval_and_append: As { expr: [21], kind: Uint, convert: Some(4) }
2026-02-23T18:03:42.613175Z TRACE naga::proc::constant_evaluator: try_eval_and_append: Literal(AbstractInt(2))
2026-02-23T18:03:42.613178Z DEBUG naga::front: Resolving [22] = Literal(U32(2)) : Value(Scalar(Scalar { kind: Uint, width: 4 }))
2026-02-23T18:03:42.613180Z DEBUG naga::front: Resolving [23] = Binary { op: ShiftLeft, left: [20], right: [22] } : Handle([1])
2026-02-23T18:03:42.613183Z DEBUG naga::front: Resolving [24] = Literal(AbstractInt(2)) : Value(Scalar(Scalar { kind: AbstractInt, width: 8 }))
2026-02-23T18:03:42.613185Z TRACE naga::proc::constant_evaluator: try_eval_and_append: As { expr: [24], kind: Uint, convert: Some(4) }
2026-02-23T18:03:42.613188Z DEBUG naga::front: Resolving [25] = Literal(U32(2)) : Value(Scalar(Scalar { kind: Uint, width: 4 }))
2026-02-23T18:03:42.613190Z DEBUG naga::front: Resolving [26] = Binary { op: ShiftRight, left: [23], right: [25] } : Handle([1])
2026-02-23T18:03:42.613197Z TRACE naga::proc::constant_evaluator: try_eval_and_append: Literal(AbstractInt(2))
2026-02-23T18:03:42.613199Z DEBUG naga::front: Resolving [27] = AccessIndex { base: [13], index: 1 } : Handle([1])
2026-02-23T18:03:42.613202Z DEBUG naga::front: Resolving [28] = Literal(AbstractInt(2)) : Value(Scalar(Scalar { kind: AbstractInt, width: 8 }))
2026-02-23T18:03:42.613208Z TRACE naga::proc::constant_evaluator: try_eval_and_append: As { expr: [28], kind: Uint, convert: Some(4) }
2026-02-23T18:03:42.613210Z TRACE naga::proc::constant_evaluator: try_eval_and_append: Literal(AbstractInt(2))
2026-02-23T18:03:42.613212Z DEBUG naga::front: Resolving [29] = Literal(U32(2)) : Value(Scalar(Scalar { kind: Uint, width: 4 }))
2026-02-23T18:03:42.613215Z DEBUG naga::front: Resolving [30] = Binary { op: ShiftLeft, left: [27], right: [29] } : Handle([1])
2026-02-23T18:03:42.613217Z DEBUG naga::front: Resolving [31] = Literal(AbstractInt(2)) : Value(Scalar(Scalar { kind: AbstractInt, width: 8 }))
2026-02-23T18:03:42.613220Z TRACE naga::proc::constant_evaluator: try_eval_and_append: As { expr: [31], kind: Uint, convert: Some(4) }
2026-02-23T18:03:42.613223Z DEBUG naga::front: Resolving [32] = Literal(U32(2)) : Value(Scalar(Scalar { kind: Uint, width: 4 }))
2026-02-23T18:03:42.613227Z DEBUG naga::front: Resolving [33] = Binary { op: ShiftRight, left: [30], right: [32] } : Handle([1])
2026-02-23T18:03:42.613231Z TRACE naga::proc::constant_evaluator: try_eval_and_append: Literal(AbstractInt(2))
2026-02-23T18:03:42.613233Z DEBUG naga::front: Resolving [34] = GlobalVariable([2]) : Value(Pointer { base: [5], space: Storage { access: StorageAccess(LOAD) } })
2026-02-23T18:03:42.613236Z DEBUG naga::front: Resolving [35] = Literal(AbstractInt(2)) : Value(Scalar(Scalar { kind: AbstractInt, width: 8 }))
2026-02-23T18:03:42.613239Z DEBUG naga::front::wgsl::lower::conversion: wgsl automatic_conversion_consensus: u32, {AbstractInt}
2026-02-23T18:03:42.613241Z DEBUG naga::front::wgsl::lower::conversion:     consensus: u32
2026-02-23T18:03:42.613243Z TRACE naga::proc::constant_evaluator: try_eval_and_append: As { expr: [35], kind: Uint, convert: Some(4) }
2026-02-23T18:03:42.613246Z DEBUG naga::front: Resolving [36] = Literal(U32(2)) : Value(Scalar(Scalar { kind: Uint, width: 4 }))
2026-02-23T18:03:42.613249Z DEBUG naga::front: Resolving [37] = Binary { op: Add, left: [26], right: [36] } : Handle([1])
2026-02-23T18:03:42.613252Z DEBUG naga::front: Resolving [38] = Access { base: [34], index: [37] } : Value(Pointer { base: [1], space: Storage { access: StorageAccess(LOAD) } })
2026-02-23T18:03:42.613255Z DEBUG naga::front: Resolving [39] = Load { pointer: [38] } : Handle([1])
2026-02-23T18:03:42.613257Z TRACE naga::proc::constant_evaluator: try_eval_and_append: Literal(AbstractInt(0))
2026-02-23T18:03:42.613259Z DEBUG naga::front: Resolving [40] = GlobalVariable([2]) : Value(Pointer { base: [5], space: Storage { access: StorageAccess(LOAD) } })
2026-02-23T18:03:42.613262Z DEBUG naga::front: Resolving [41] = Literal(AbstractInt(0)) : Value(Scalar(Scalar { kind: AbstractInt, width: 8 }))
2026-02-23T18:03:42.613265Z DEBUG naga::front::wgsl::lower::conversion: wgsl automatic_conversion_consensus: u32, {AbstractInt}
2026-02-23T18:03:42.613267Z DEBUG naga::front::wgsl::lower::conversion:     consensus: u32
2026-02-23T18:03:42.613269Z TRACE naga::proc::constant_evaluator: try_eval_and_append: As { expr: [41], kind: Uint, convert: Some(4) }
2026-02-23T18:03:42.613271Z DEBUG naga::front: Resolving [42] = Literal(U32(0)) : Value(Scalar(Scalar { kind: Uint, width: 4 }))
2026-02-23T18:03:42.613273Z DEBUG naga::front: Resolving [43] = Binary { op: Add, left: [26], right: [42] } : Handle([1])
2026-02-23T18:03:42.613276Z DEBUG naga::front: Resolving [44] = Access { base: [40], index: [43] } : Value(Pointer { base: [1], space: Storage { access: StorageAccess(LOAD) } })
2026-02-23T18:03:42.613279Z DEBUG naga::front: Resolving [45] = Load { pointer: [44] } : Handle([1])
2026-02-23T18:03:42.613282Z DEBUG naga::front: Resolving [46] = AccessIndex { base: [13], index: 1 } : Handle([1])
2026-02-23T18:03:42.613284Z TRACE naga::proc::constant_evaluator: try_eval_and_append: Literal(AbstractInt(30))
2026-02-23T18:03:42.613286Z DEBUG naga::front: Resolving [47] = Literal(AbstractInt(30)) : Value(Scalar(Scalar { kind: AbstractInt, width: 8 }))
2026-02-23T18:03:42.613289Z TRACE naga::proc::type_methods:       okay: expr Scalar { kind: AbstractInt, width: 8 }, goal Scalar { kind: Uint, width: 4 }
2026-02-23T18:03:42.613296Z TRACE naga::proc::constant_evaluator: try_eval_and_append: As { expr: [47], kind: Uint, convert: Some(4) }
2026-02-23T18:03:42.613298Z DEBUG naga::front: Resolving [48] = Literal(U32(30)) : Value(Scalar(Scalar { kind: Uint, width: 4 }))
2026-02-23T18:03:42.613301Z DEBUG naga::front: Resolving [49] = CallResult([0]) : Handle([0])
2026-02-23T18:03:42.613304Z DEBUG naga::front: Resolving [50] = AccessIndex { base: [13], index: 2 } : Handle([1])
2026-02-23T18:03:42.613307Z DEBUG naga::front::wgsl::lower::conversion: wgsl automatic_conversion_consensus: u32, u32
2026-02-23T18:03:42.613308Z DEBUG naga::front::wgsl::lower::conversion:     consensus: u32
2026-02-23T18:03:42.613310Z DEBUG naga::front: Resolving [51] = Binary { op: Less, left: [50], right: [39] } : Value(Scalar(Scalar { kind: Bool, width: 1 }))
2026-02-23T18:03:42.613314Z DEBUG naga::front: Resolving [52] = Unary { op: LogicalNot, expr: [49] } : Handle([0])
2026-02-23T18:03:42.613316Z DEBUG naga::front::wgsl::lower::conversion: wgsl automatic_conversion_consensus: bool, bool
2026-02-23T18:03:42.613318Z DEBUG naga::front::wgsl::lower::conversion:     consensus: bool
2026-02-23T18:03:42.613320Z DEBUG naga::front: Resolving [53] = Binary { op: LogicalAnd, left: [51], right: [52] } : Value(Scalar(Scalar { kind: Bool, width: 1 }))
2026-02-23T18:03:42.613324Z DEBUG naga::front: Resolving [54] = Load { pointer: [15] } : Handle([0])
2026-02-23T18:03:42.613326Z DEBUG naga::front: Resolving [55] = Binary { op: InclusiveOr, left: [54], right: [53] } : Handle([0])
2026-02-23T18:03:42.613328Z DEBUG naga::front: Resolving [56] = AccessIndex { base: [13], index: 2 } : Handle([1])
2026-02-23T18:03:42.613331Z DEBUG naga::front::wgsl::lower::conversion: wgsl automatic_conversion_consensus: u32, u32
2026-02-23T18:03:42.613333Z DEBUG naga::front::wgsl::lower::conversion:     consensus: u32
2026-02-23T18:03:42.613334Z DEBUG naga::front: Resolving [57] = Binary { op: Subtract, left: [56], right: [39] } : Handle([1])
2026-02-23T18:03:42.613338Z DEBUG naga::front::wgsl::lower::conversion: wgsl automatic_conversion_consensus: u32, u32
2026-02-23T18:03:42.613339Z DEBUG naga::front::wgsl::lower::conversion:     consensus: u32
2026-02-23T18:03:42.613341Z DEBUG naga::front: Resolving [58] = Binary { op: Less, left: [57], right: [45] } : Value(Scalar(Scalar { kind: Bool, width: 1 }))
2026-02-23T18:03:42.613345Z TRACE naga::proc::constant_evaluator: try_eval_and_append: Literal(AbstractInt(3))
2026-02-23T18:03:42.613347Z DEBUG naga::front: Resolving [59] = Load { pointer: [15] } : Handle([0])
2026-02-23T18:03:42.613349Z DEBUG naga::front: Resolving [60] = Binary { op: InclusiveOr, left: [59], right: [58] } : Handle([0])
2026-02-23T18:03:42.613351Z DEBUG naga::front: Resolving [61] = GlobalVariable([2]) : Value(Pointer { base: [5], space: Storage { access: StorageAccess(LOAD) } })
2026-02-23T18:03:42.613354Z DEBUG naga::front: Resolving [62] = Literal(AbstractInt(3)) : Value(Scalar(Scalar { kind: AbstractInt, width: 8 }))
2026-02-23T18:03:42.613356Z DEBUG naga::front::wgsl::lower::conversion: wgsl automatic_conversion_consensus: u32, {AbstractInt}
2026-02-23T18:03:42.613358Z DEBUG naga::front::wgsl::lower::conversion:     consensus: u32
2026-02-23T18:03:42.613360Z TRACE naga::proc::constant_evaluator: try_eval_and_append: As { expr: [62], kind: Uint, convert: Some(4) }
2026-02-23T18:03:42.613366Z DEBUG naga::front: Resolving [63] = Literal(U32(3)) : Value(Scalar(Scalar { kind: Uint, width: 4 }))
2026-02-23T18:03:42.613368Z DEBUG naga::front: Resolving [64] = Binary { op: Add, left: [26], right: [63] } : Handle([1])
2026-02-23T18:03:42.613372Z DEBUG naga::front: Resolving [65] = As { expr: [19], kind: Uint, convert: Some(4) } : Value(Scalar(Scalar { kind: Uint, width: 4 }))
2026-02-23T18:03:42.613375Z DEBUG naga::front::wgsl::lower::conversion: wgsl automatic_conversion_consensus: u32, u32
2026-02-23T18:03:42.613377Z DEBUG naga::front::wgsl::lower::conversion:     consensus: u32
2026-02-23T18:03:42.613379Z DEBUG naga::front: Resolving [66] = Binary { op: Add, left: [64], right: [65] } : Handle([1])
2026-02-23T18:03:42.613385Z DEBUG naga::front: Resolving [67] = Access { base: [61], index: [66] } : Value(Pointer { base: [1], space: Storage { access: StorageAccess(LOAD) } })
2026-02-23T18:03:42.613388Z DEBUG naga::front: Resolving [68] = Load { pointer: [67] } : Handle([1])
2026-02-23T18:03:42.613390Z TRACE naga::proc::constant_evaluator: try_eval_and_append: Literal(AbstractInt(1))
2026-02-23T18:03:42.613392Z DEBUG naga::front: Resolving [69] = GlobalVariable([2]) : Value(Pointer { base: [5], space: Storage { access: StorageAccess(LOAD) } })
2026-02-23T18:03:42.613395Z DEBUG naga::front: Resolving [70] = Literal(AbstractInt(1)) : Value(Scalar(Scalar { kind: AbstractInt, width: 8 }))
2026-02-23T18:03:42.613397Z DEBUG naga::front::wgsl::lower::conversion: wgsl automatic_conversion_consensus: u32, {AbstractInt}
2026-02-23T18:03:42.613399Z DEBUG naga::front::wgsl::lower::conversion:     consensus: u32
2026-02-23T18:03:42.613401Z TRACE naga::proc::constant_evaluator: try_eval_and_append: As { expr: [70], kind: Uint, convert: Some(4) }
2026-02-23T18:03:42.613404Z DEBUG naga::front: Resolving [71] = Literal(U32(1)) : Value(Scalar(Scalar { kind: Uint, width: 4 }))
2026-02-23T18:03:42.613406Z DEBUG naga::front: Resolving [72] = Binary { op: Add, left: [26], right: [71] } : Handle([1])
2026-02-23T18:03:42.613408Z DEBUG naga::front: Resolving [73] = Access { base: [69], index: [72] } : Value(Pointer { base: [1], space: Storage { access: StorageAccess(LOAD) } })
2026-02-23T18:03:42.613411Z DEBUG naga::front: Resolving [74] = Load { pointer: [73] } : Handle([1])
2026-02-23T18:03:42.613414Z DEBUG naga::front: Resolving [75] = AccessIndex { base: [13], index: 1 } : Handle([1])
2026-02-23T18:03:42.613417Z TRACE naga::proc::constant_evaluator: try_eval_and_append: Literal(AbstractInt(31))
2026-02-23T18:03:42.613419Z DEBUG naga::front: Resolving [76] = Literal(AbstractInt(31)) : Value(Scalar(Scalar { kind: AbstractInt, width: 8 }))
2026-02-23T18:03:42.613421Z TRACE naga::proc::type_methods:       okay: expr Scalar { kind: AbstractInt, width: 8 }, goal Scalar { kind: Uint, width: 4 }
2026-02-23T18:03:42.613424Z TRACE naga::proc::constant_evaluator: try_eval_and_append: As { expr: [76], kind: Uint, convert: Some(4) }
2026-02-23T18:03:42.613426Z DEBUG naga::front: Resolving [77] = Literal(U32(31)) : Value(Scalar(Scalar { kind: Uint, width: 4 }))
2026-02-23T18:03:42.613428Z DEBUG naga::front: Resolving [78] = CallResult([0]) : Handle([0])
2026-02-23T18:03:42.613431Z DEBUG naga::front: Resolving [79] = AccessIndex { base: [13], index: 3 } : Handle([1])
2026-02-23T18:03:42.613433Z DEBUG naga::front::wgsl::lower::conversion: wgsl automatic_conversion_consensus: u32, u32
2026-02-23T18:03:42.613435Z DEBUG naga::front::wgsl::lower::conversion:     consensus: u32
2026-02-23T18:03:42.613437Z DEBUG naga::front: Resolving [80] = Binary { op: Less, left: [79], right: [68] } : Value(Scalar(Scalar { kind: Bool, width: 1 }))
2026-02-23T18:03:42.613440Z DEBUG naga::front: Resolving [81] = Unary { op: LogicalNot, expr: [78] } : Handle([0])
2026-02-23T18:03:42.613443Z DEBUG naga::front::wgsl::lower::conversion: wgsl automatic_conversion_consensus: bool, bool
2026-02-23T18:03:42.613445Z DEBUG naga::front::wgsl::lower::conversion:     consensus: bool
2026-02-23T18:03:42.613447Z DEBUG naga::front: Resolving [82] = Binary { op: LogicalAnd, left: [80], right: [81] } : Value(Scalar(Scalar { kind: Bool, width: 1 }))
2026-02-23T18:03:42.613450Z DEBUG naga::front: Resolving [83] = Load { pointer: [15] } : Handle([0])
2026-02-23T18:03:42.613452Z DEBUG naga::front: Resolving [84] = Binary { op: InclusiveOr, left: [83], right: [82] } : Handle([0])
2026-02-23T18:03:42.613454Z DEBUG naga::front: Resolving [85] = AccessIndex { base: [13], index: 3 } : Handle([1])
2026-02-23T18:03:42.613457Z DEBUG naga::front::wgsl::lower::conversion: wgsl automatic_conversion_consensus: u32, u32
2026-02-23T18:03:42.613459Z DEBUG naga::front::wgsl::lower::conversion:     consensus: u32
2026-02-23T18:03:42.613463Z DEBUG naga::front: Resolving [86] = Binary { op: Subtract, left: [85], right: [68] } : Handle([1])
2026-02-23T18:03:42.613467Z DEBUG naga::front::wgsl::lower::conversion: wgsl automatic_conversion_consensus: u32, u32
2026-02-23T18:03:42.613469Z DEBUG naga::front::wgsl::lower::conversion:     consensus: u32
2026-02-23T18:03:42.613471Z DEBUG naga::front: Resolving [87] = Binary { op: Less, left: [86], right: [74] } : Value(Scalar(Scalar { kind: Bool, width: 1 }))
2026-02-23T18:03:42.613474Z DEBUG naga::front: Resolving [88] = Load { pointer: [15] } : Handle([0])
2026-02-23T18:03:42.613476Z DEBUG naga::front: Resolving [89] = Binary { op: InclusiveOr, left: [88], right: [87] } : Handle([0])
2026-02-23T18:03:42.613478Z DEBUG naga::front: Resolving [90] = Override([0]) : Handle([0])
2026-02-23T18:03:42.613481Z DEBUG naga::front: Resolving [91] = Unary { op: LogicalNot, expr: [90] } : Handle([0])
2026-02-23T18:03:42.613483Z TRACE naga::proc::constant_evaluator: try_eval_and_append: Literal(U32(0))
2026-02-23T18:03:42.613485Z DEBUG naga::front: Resolving [92] = Literal(U32(0)) : Value(Scalar(Scalar { kind: Uint, width: 4 }))
2026-02-23T18:03:42.613488Z DEBUG naga::front::wgsl::lower::conversion: wgsl automatic_conversion_consensus: u32, u32
2026-02-23T18:03:42.613490Z DEBUG naga::front::wgsl::lower::conversion:     consensus: u32
2026-02-23T18:03:42.613492Z DEBUG naga::front: Resolving [93] = Binary { op: NotEqual, left: [68], right: [92] } : Value(Scalar(Scalar { kind: Bool, width: 1 }))
2026-02-23T18:03:42.613505Z TRACE naga::proc::constant_evaluator: try_eval_and_append: Literal(U32(0))
2026-02-23T18:03:42.613511Z TRACE naga::proc::constant_evaluator: try_eval_and_append: Literal(U32(3))
2026-02-23T18:03:42.613514Z DEBUG naga::front: Resolving [94] = Load { pointer: [15] } : Handle([0])
2026-02-23T18:03:42.613517Z DEBUG naga::front: Resolving [95] = Binary { op: InclusiveOr, left: [94], right: [93] } : Handle([0])
2026-02-23T18:03:42.613521Z DEBUG naga::front: Resolving [96] = Literal(U32(0)) : Value(Scalar(Scalar { kind: Uint, width: 4 }))
2026-02-23T18:03:42.613523Z DEBUG naga::front: Resolving [97] = Literal(U32(3)) : Value(Scalar(Scalar { kind: Uint, width: 4 }))
2026-02-23T18:03:42.613526Z DEBUG naga::front: Resolving [98] = Override([1]) : Handle([0])
2026-02-23T18:03:42.613529Z DEBUG naga::front::wgsl::lower::conversion: wgsl automatic_conversion_consensus: u32, u32
2026-02-23T18:03:42.613531Z DEBUG naga::front::wgsl::lower::conversion:     consensus: u32
2026-02-23T18:03:42.613534Z DEBUG naga::front: Resolving [99] = Select { condition: [98], accept: [97], reject: [96] } : Value(Scalar(Scalar { kind: Uint, width: 4 }))
2026-02-23T18:03:42.613538Z DEBUG naga::front: Resolving [100] = Load { pointer: [15] } : Handle([0])
2026-02-23T18:03:42.613540Z DEBUG naga::front: Resolving [101] = Override([1]) : Handle([0])
2026-02-23T18:03:42.613543Z TRACE naga::proc::constant_evaluator: try_eval_and_append: Literal(AbstractInt(0))
2026-02-23T18:03:42.613545Z DEBUG naga::front: Resolving [102] = GlobalVariable([3]) : Value(Pointer { base: [5], space: Storage { access: StorageAccess(LOAD | STORE) } })
2026-02-23T18:03:42.613548Z DEBUG naga::front: Resolving [103] = Literal(AbstractInt(0)) : Value(Scalar(Scalar { kind: AbstractInt, width: 8 }))
2026-02-23T18:03:42.613551Z DEBUG naga::front::wgsl::lower::conversion: wgsl automatic_conversion_consensus: u32, {AbstractInt}
2026-02-23T18:03:42.613553Z DEBUG naga::front::wgsl::lower::conversion:     consensus: u32
2026-02-23T18:03:42.613555Z TRACE naga::proc::constant_evaluator: try_eval_and_append: As { expr: [103], kind: Uint, convert: Some(4) }
2026-02-23T18:03:42.613558Z DEBUG naga::front: Resolving [104] = Literal(U32(0)) : Value(Scalar(Scalar { kind: Uint, width: 4 }))
2026-02-23T18:03:42.613561Z DEBUG naga::front: Resolving [105] = Binary { op: Add, left: [33], right: [104] } : Handle([1])
2026-02-23T18:03:42.613564Z DEBUG naga::front: Resolving [106] = Access { base: [102], index: [105] } : Value(Pointer { base: [1], space: Storage { access: StorageAccess(LOAD | STORE) } })
2026-02-23T18:03:42.613572Z TRACE naga::proc::constant_evaluator: try_eval_and_append: Literal(U32(0))
2026-02-23T18:03:42.613575Z DEBUG naga::front: Resolving [107] = Literal(U32(0)) : Value(Scalar(Scalar { kind: Uint, width: 4 }))
2026-02-23T18:03:42.613577Z TRACE naga::proc::constant_evaluator: try_eval_and_append: Literal(AbstractInt(1))
2026-02-23T18:03:42.613580Z DEBUG naga::front: Resolving [108] = GlobalVariable([3]) : Value(Pointer { base: [5], space: Storage { access: StorageAccess(LOAD | STORE) } })
2026-02-23T18:03:42.613582Z DEBUG naga::front: Resolving [109] = Literal(AbstractInt(1)) : Value(Scalar(Scalar { kind: AbstractInt, width: 8 }))
2026-02-23T18:03:42.613585Z DEBUG naga::front::wgsl::lower::conversion: wgsl automatic_conversion_consensus: u32, {AbstractInt}
2026-02-23T18:03:42.613587Z DEBUG naga::front::wgsl::lower::conversion:     consensus: u32
2026-02-23T18:03:42.613589Z TRACE naga::proc::constant_evaluator: try_eval_and_append: As { expr: [109], kind: Uint, convert: Some(4) }
2026-02-23T18:03:42.613592Z DEBUG naga::front: Resolving [110] = Literal(U32(1)) : Value(Scalar(Scalar { kind: Uint, width: 4 }))
2026-02-23T18:03:42.613594Z DEBUG naga::front: Resolving [111] = Binary { op: Add, left: [33], right: [110] } : Handle([1])
2026-02-23T18:03:42.613597Z DEBUG naga::front: Resolving [112] = Access { base: [108], index: [111] } : Value(Pointer { base: [1], space: Storage { access: StorageAccess(LOAD | STORE) } })
2026-02-23T18:03:42.613599Z TRACE naga::proc::constant_evaluator: try_eval_and_append: Literal(U32(0))
2026-02-23T18:03:42.613602Z DEBUG naga::front: Resolving [113] = Literal(U32(0)) : Value(Scalar(Scalar { kind: Uint, width: 4 }))
2026-02-23T18:03:42.613604Z TRACE naga::proc::constant_evaluator: try_eval_and_append: Literal(AbstractInt(2))
2026-02-23T18:03:42.613606Z DEBUG naga::front: Resolving [114] = GlobalVariable([3]) : Value(Pointer { base: [5], space: Storage { access: StorageAccess(LOAD | STORE) } })
2026-02-23T18:03:42.613609Z DEBUG naga::front: Resolving [115] = Literal(AbstractInt(2)) : Value(Scalar(Scalar { kind: AbstractInt, width: 8 }))
2026-02-23T18:03:42.613612Z DEBUG naga::front::wgsl::lower::conversion: wgsl automatic_conversion_consensus: u32, {AbstractInt}
2026-02-23T18:03:42.613614Z DEBUG naga::front::wgsl::lower::conversion:     consensus: u32
2026-02-23T18:03:42.613616Z TRACE naga::proc::constant_evaluator: try_eval_and_append: As { expr: [115], kind: Uint, convert: Some(4) }
2026-02-23T18:03:42.613618Z DEBUG naga::front: Resolving [116] = Literal(U32(2)) : Value(Scalar(Scalar { kind: Uint, width: 4 }))
2026-02-23T18:03:42.613621Z DEBUG naga::front: Resolving [117] = Binary { op: Add, left: [33], right: [116] } : Handle([1])
2026-02-23T18:03:42.613623Z DEBUG naga::front: Resolving [118] = Access { base: [114], index: [117] } : Value(Pointer { base: [1], space: Storage { access: StorageAccess(LOAD | STORE) } })
2026-02-23T18:03:42.613629Z TRACE naga::proc::constant_evaluator: try_eval_and_append: Literal(U32(0))
2026-02-23T18:03:42.613631Z DEBUG naga::front: Resolving [119] = Literal(U32(0)) : Value(Scalar(Scalar { kind: Uint, width: 4 }))
2026-02-23T18:03:42.613635Z DEBUG naga::front::wgsl::lower::conversion: wgsl automatic_conversion_consensus: u32, u32
2026-02-23T18:03:42.613637Z DEBUG naga::front::wgsl::lower::conversion:     consensus: u32
2026-02-23T18:03:42.613639Z TRACE naga::proc::constant_evaluator: try_eval_and_append: Literal(AbstractInt(0))
2026-02-23T18:03:42.613642Z DEBUG naga::front: Resolving [120] = GlobalVariable([3]) : Value(Pointer { base: [5], space: Storage { access: StorageAccess(LOAD | STORE) } })
2026-02-23T18:03:42.613644Z DEBUG naga::front: Resolving [121] = Binary { op: Add, left: [33], right: [99] } : Handle([1])
2026-02-23T18:03:42.613646Z DEBUG naga::front: Resolving [122] = Literal(AbstractInt(0)) : Value(Scalar(Scalar { kind: AbstractInt, width: 8 }))
2026-02-23T18:03:42.613649Z DEBUG naga::front::wgsl::lower::conversion: wgsl automatic_conversion_consensus: u32, {AbstractInt}
2026-02-23T18:03:42.613651Z DEBUG naga::front::wgsl::lower::conversion:     consensus: u32
2026-02-23T18:03:42.613656Z TRACE naga::proc::constant_evaluator: try_eval_and_append: As { expr: [122], kind: Uint, convert: Some(4) }
2026-02-23T18:03:42.613659Z DEBUG naga::front: Resolving [123] = Literal(U32(0)) : Value(Scalar(Scalar { kind: Uint, width: 4 }))
2026-02-23T18:03:42.613661Z DEBUG naga::front: Resolving [124] = Binary { op: Add, left: [121], right: [123] } : Handle([1])
2026-02-23T18:03:42.613664Z DEBUG naga::front: Resolving [125] = Access { base: [120], index: [124] } : Value(Pointer { base: [1], space: Storage { access: StorageAccess(LOAD | STORE) } })
2026-02-23T18:03:42.613667Z TRACE naga::proc::constant_evaluator: try_eval_and_append: Literal(U32(0))
2026-02-23T18:03:42.613669Z DEBUG naga::front: Resolving [126] = Literal(U32(0)) : Value(Scalar(Scalar { kind: Uint, width: 4 }))
2026-02-23T18:03:42.613672Z DEBUG naga::front::wgsl::lower::conversion: wgsl automatic_conversion_consensus: u32, u32
2026-02-23T18:03:42.613674Z DEBUG naga::front::wgsl::lower::conversion:     consensus: u32
2026-02-23T18:03:42.613680Z TRACE naga::proc::constant_evaluator: try_eval_and_append: Literal(AbstractInt(1))
2026-02-23T18:03:42.613682Z DEBUG naga::front: Resolving [127] = GlobalVariable([3]) : Value(Pointer { base: [5], space: Storage { access: StorageAccess(LOAD | STORE) } })
2026-02-23T18:03:42.613685Z DEBUG naga::front: Resolving [128] = Binary { op: Add, left: [33], right: [99] } : Handle([1])
2026-02-23T18:03:42.613691Z DEBUG naga::front: Resolving [129] = Literal(AbstractInt(1)) : Value(Scalar(Scalar { kind: AbstractInt, width: 8 }))
2026-02-23T18:03:42.613693Z DEBUG naga::front::wgsl::lower::conversion: wgsl automatic_conversion_consensus: u32, {AbstractInt}
2026-02-23T18:03:42.613696Z DEBUG naga::front::wgsl::lower::conversion:     consensus: u32
2026-02-23T18:03:42.613698Z TRACE naga::proc::constant_evaluator: try_eval_and_append: As { expr: [129], kind: Uint, convert: Some(4) }
2026-02-23T18:03:42.613700Z DEBUG naga::front: Resolving [130] = Literal(U32(1)) : Value(Scalar(Scalar { kind: Uint, width: 4 }))
2026-02-23T18:03:42.613703Z DEBUG naga::front: Resolving [131] = Binary { op: Add, left: [128], right: [130] } : Handle([1])
2026-02-23T18:03:42.613705Z DEBUG naga::front: Resolving [132] = Access { base: [127], index: [131] } : Value(Pointer { base: [1], space: Storage { access: StorageAccess(LOAD | STORE) } })
2026-02-23T18:03:42.613708Z TRACE naga::proc::constant_evaluator: try_eval_and_append: Literal(U32(0))
2026-02-23T18:03:42.613710Z DEBUG naga::front: Resolving [133] = Literal(U32(0)) : Value(Scalar(Scalar { kind: Uint, width: 4 }))
2026-02-23T18:03:42.613713Z DEBUG naga::front::wgsl::lower::conversion: wgsl automatic_conversion_consensus: u32, u32
2026-02-23T18:03:42.613715Z DEBUG naga::front::wgsl::lower::conversion:     consensus: u32
2026-02-23T18:03:42.613717Z TRACE naga::proc::constant_evaluator: try_eval_and_append: Literal(AbstractInt(2))
2026-02-23T18:03:42.613719Z DEBUG naga::front: Resolving [134] = GlobalVariable([3]) : Value(Pointer { base: [5], space: Storage { access: StorageAccess(LOAD | STORE) } })
2026-02-23T18:03:42.613722Z DEBUG naga::front: Resolving [135] = Binary { op: Add, left: [33], right: [99] } : Handle([1])
2026-02-23T18:03:42.613724Z DEBUG naga::front: Resolving [136] = Literal(AbstractInt(2)) : Value(Scalar(Scalar { kind: AbstractInt, width: 8 }))
2026-02-23T18:03:42.613727Z DEBUG naga::front::wgsl::lower::conversion: wgsl automatic_conversion_consensus: u32, {AbstractInt}
2026-02-23T18:03:42.613729Z DEBUG naga::front::wgsl::lower::conversion:     consensus: u32
2026-02-23T18:03:42.613731Z TRACE naga::proc::constant_evaluator: try_eval_and_append: As { expr: [136], kind: Uint, convert: Some(4) }
2026-02-23T18:03:42.613733Z DEBUG naga::front: Resolving [137] = Literal(U32(2)) : Value(Scalar(Scalar { kind: Uint, width: 4 }))
2026-02-23T18:03:42.613736Z DEBUG naga::front: Resolving [138] = Binary { op: Add, left: [135], right: [137] } : Handle([1])
2026-02-23T18:03:42.613738Z DEBUG naga::front: Resolving [139] = Access { base: [134], index: [138] } : Value(Pointer { base: [1], space: Storage { access: StorageAccess(LOAD | STORE) } })
2026-02-23T18:03:42.613744Z TRACE naga::proc::constant_evaluator: try_eval_and_append: Literal(U32(0))
2026-02-23T18:03:42.613747Z DEBUG naga::front: Resolving [140] = Literal(U32(0)) : Value(Scalar(Scalar { kind: Uint, width: 4 }))
2026-02-23T18:03:42.613750Z DEBUG naga::front::wgsl::lower::conversion: wgsl automatic_conversion_consensus: u32, u32
2026-02-23T18:03:42.613752Z DEBUG naga::front::wgsl::lower::conversion:     consensus: u32
2026-02-23T18:03:42.613754Z TRACE naga::proc::constant_evaluator: try_eval_and_append: Literal(AbstractInt(3))
2026-02-23T18:03:42.613756Z DEBUG naga::front: Resolving [141] = GlobalVariable([3]) : Value(Pointer { base: [5], space: Storage { access: StorageAccess(LOAD | STORE) } })
2026-02-23T18:03:42.613758Z DEBUG naga::front: Resolving [142] = Binary { op: Add, left: [33], right: [99] } : Handle([1])
2026-02-23T18:03:42.613761Z DEBUG naga::front: Resolving [143] = Literal(AbstractInt(3)) : Value(Scalar(Scalar { kind: AbstractInt, width: 8 }))
2026-02-23T18:03:42.613763Z DEBUG naga::front::wgsl::lower::conversion: wgsl automatic_conversion_consensus: u32, {AbstractInt}
2026-02-23T18:03:42.613766Z DEBUG naga::front::wgsl::lower::conversion:     consensus: u32
2026-02-23T18:03:42.613767Z TRACE naga::proc::constant_evaluator: try_eval_and_append: As { expr: [143], kind: Uint, convert: Some(4) }
2026-02-23T18:03:42.613770Z DEBUG naga::front: Resolving [144] = Literal(U32(3)) : Value(Scalar(Scalar { kind: Uint, width: 4 }))
2026-02-23T18:03:42.613773Z DEBUG naga::front: Resolving [145] = Binary { op: Add, left: [142], right: [144] } : Handle([1])
2026-02-23T18:03:42.613775Z DEBUG naga::front: Resolving [146] = Access { base: [141], index: [145] } : Value(Pointer { base: [1], space: Storage { access: StorageAccess(LOAD | STORE) } })
2026-02-23T18:03:42.613778Z TRACE naga::proc::constant_evaluator: try_eval_and_append: Literal(U32(0))
2026-02-23T18:03:42.613780Z DEBUG naga::front: Resolving [147] = Literal(U32(0)) : Value(Scalar(Scalar { kind: Uint, width: 4 }))
2026-02-23T18:03:42.613783Z DEBUG naga::front::wgsl::lower::conversion: wgsl automatic_conversion_consensus: u32, u32
2026-02-23T18:03:42.613785Z DEBUG naga::front::wgsl::lower::conversion:     consensus: u32
2026-02-23T18:03:42.613787Z TRACE naga::proc::constant_evaluator: try_eval_and_append: Literal(AbstractInt(4))
2026-02-23T18:03:42.613789Z DEBUG naga::front: Resolving [148] = GlobalVariable([3]) : Value(Pointer { base: [5], space: Storage { access: StorageAccess(LOAD | STORE) } })
2026-02-23T18:03:42.613792Z DEBUG naga::front: Resolving [149] = Binary { op: Add, left: [33], right: [99] } : Handle([1])
2026-02-23T18:03:42.613794Z DEBUG naga::front: Resolving [150] = Literal(AbstractInt(4)) : Value(Scalar(Scalar { kind: AbstractInt, width: 8 }))
2026-02-23T18:03:42.613797Z DEBUG naga::front::wgsl::lower::conversion: wgsl automatic_conversion_consensus: u32, {AbstractInt}
2026-02-23T18:03:42.613799Z DEBUG naga::front::wgsl::lower::conversion:     consensus: u32
2026-02-23T18:03:42.613801Z TRACE naga::proc::constant_evaluator: try_eval_and_append: As { expr: [150], kind: Uint, convert: Some(4) }
2026-02-23T18:03:42.613803Z DEBUG naga::front: Resolving [151] = Literal(U32(4)) : Value(Scalar(Scalar { kind: Uint, width: 4 }))
2026-02-23T18:03:42.613806Z DEBUG naga::front: Resolving [152] = Binary { op: Add, left: [149], right: [151] } : Handle([1])
2026-02-23T18:03:42.613808Z DEBUG naga::front: Resolving [153] = Access { base: [148], index: [152] } : Value(Pointer { base: [1], space: Storage { access: StorageAccess(LOAD | STORE) } })
2026-02-23T18:03:42.613811Z TRACE naga::proc::constant_evaluator: try_eval_and_append: Literal(U32(0))
2026-02-23T18:03:42.613814Z DEBUG naga::front: Resolving [154] = Literal(U32(0)) : Value(Scalar(Scalar { kind: Uint, width: 4 }))
2026-02-23T18:03:42.613816Z DEBUG naga::front: Resolving [155] = Override([1]) : Handle([0])
2026-02-23T18:03:42.613819Z TRACE naga::proc::constant_evaluator: try_eval_and_append: Literal(AbstractInt(0))
2026-02-23T18:03:42.613824Z DEBUG naga::front: Resolving [156] = GlobalVariable([3]) : Value(Pointer { base: [5], space: Storage { access: StorageAccess(LOAD | STORE) } })
2026-02-23T18:03:42.613827Z DEBUG naga::front: Resolving [157] = Literal(AbstractInt(0)) : Value(Scalar(Scalar { kind: AbstractInt, width: 8 }))
2026-02-23T18:03:42.613829Z DEBUG naga::front::wgsl::lower::conversion: wgsl automatic_conversion_consensus: u32, {AbstractInt}
2026-02-23T18:03:42.613831Z DEBUG naga::front::wgsl::lower::conversion:     consensus: u32
2026-02-23T18:03:42.613833Z TRACE naga::proc::constant_evaluator: try_eval_and_append: As { expr: [157], kind: Uint, convert: Some(4) }
2026-02-23T18:03:42.613836Z DEBUG naga::front: Resolving [158] = Literal(U32(0)) : Value(Scalar(Scalar { kind: Uint, width: 4 }))
2026-02-23T18:03:42.613838Z DEBUG naga::front: Resolving [159] = Binary { op: Add, left: [33], right: [158] } : Handle([1])
2026-02-23T18:03:42.613841Z DEBUG naga::front: Resolving [160] = Access { base: [156], index: [159] } : Value(Pointer { base: [1], space: Storage { access: StorageAccess(LOAD | STORE) } })
2026-02-23T18:03:42.613844Z TRACE naga::proc::constant_evaluator: try_eval_and_append: Literal(AbstractInt(2))
2026-02-23T18:03:42.613846Z DEBUG naga::front: Resolving [161] = GlobalVariable([2]) : Value(Pointer { base: [5], space: Storage { access: StorageAccess(LOAD) } })
2026-02-23T18:03:42.613849Z DEBUG naga::front: Resolving [162] = Literal(AbstractInt(2)) : Value(Scalar(Scalar { kind: AbstractInt, width: 8 }))
2026-02-23T18:03:42.613852Z DEBUG naga::front::wgsl::lower::conversion: wgsl automatic_conversion_consensus: u32, {AbstractInt}
2026-02-23T18:03:42.613854Z DEBUG naga::front::wgsl::lower::conversion:     consensus: u32
2026-02-23T18:03:42.613856Z TRACE naga::proc::constant_evaluator: try_eval_and_append: As { expr: [162], kind: Uint, convert: Some(4) }
2026-02-23T18:03:42.613858Z DEBUG naga::front: Resolving [163] = Literal(U32(2)) : Value(Scalar(Scalar { kind: Uint, width: 4 }))
2026-02-23T18:03:42.613861Z DEBUG naga::front: Resolving [164] = Binary { op: Add, left: [26], right: [163] } : Handle([1])
2026-02-23T18:03:42.613863Z DEBUG naga::front: Resolving [165] = As { expr: [19], kind: Uint, convert: Some(4) } : Value(Scalar(Scalar { kind: Uint, width: 4 }))
2026-02-23T18:03:42.613866Z DEBUG naga::front::wgsl::lower::conversion: wgsl automatic_conversion_consensus: u32, u32
2026-02-23T18:03:42.613868Z DEBUG naga::front::wgsl::lower::conversion:     consensus: u32
2026-02-23T18:03:42.613870Z DEBUG naga::front: Resolving [166] = Binary { op: Add, left: [164], right: [165] } : Handle([1])
2026-02-23T18:03:42.613873Z DEBUG naga::front: Resolving [167] = Access { base: [161], index: [166] } : Value(Pointer { base: [1], space: Storage { access: StorageAccess(LOAD) } })
2026-02-23T18:03:42.613876Z DEBUG naga::front: Resolving [168] = Load { pointer: [167] } : Handle([1])
2026-02-23T18:03:42.613878Z TRACE naga::proc::constant_evaluator: try_eval_and_append: Literal(AbstractInt(1))
2026-02-23T18:03:42.613881Z DEBUG naga::front: Resolving [169] = GlobalVariable([3]) : Value(Pointer { base: [5], space: Storage { access: StorageAccess(LOAD | STORE) } })
2026-02-23T18:03:42.613883Z DEBUG naga::front: Resolving [170] = Literal(AbstractInt(1)) : Value(Scalar(Scalar { kind: AbstractInt, width: 8 }))
2026-02-23T18:03:42.613886Z DEBUG naga::front::wgsl::lower::conversion: wgsl automatic_conversion_consensus: u32, {AbstractInt}
2026-02-23T18:03:42.613888Z DEBUG naga::front::wgsl::lower::conversion:     consensus: u32
2026-02-23T18:03:42.613890Z TRACE naga::proc::constant_evaluator: try_eval_and_append: As { expr: [170], kind: Uint, convert: Some(4) }
2026-02-23T18:03:42.613892Z DEBUG naga::front: Resolving [171] = Literal(U32(1)) : Value(Scalar(Scalar { kind: Uint, width: 4 }))
2026-02-23T18:03:42.613895Z DEBUG naga::front: Resolving [172] = Binary { op: Add, left: [33], right: [171] } : Handle([1])
2026-02-23T18:03:42.613897Z DEBUG naga::front: Resolving [173] = Access { base: [169], index: [172] } : Value(Pointer { base: [1], space: Storage { access: StorageAccess(LOAD | STORE) } })
2026-02-23T18:03:42.613903Z TRACE naga::proc::constant_evaluator: try_eval_and_append: Literal(AbstractInt(3))
2026-02-23T18:03:42.613906Z DEBUG naga::front: Resolving [174] = GlobalVariable([2]) : Value(Pointer { base: [5], space: Storage { access: StorageAccess(LOAD) } })
2026-02-23T18:03:42.613909Z DEBUG naga::front: Resolving [175] = Literal(AbstractInt(3)) : Value(Scalar(Scalar { kind: AbstractInt, width: 8 }))
2026-02-23T18:03:42.613911Z DEBUG naga::front::wgsl::lower::conversion: wgsl automatic_conversion_consensus: u32, {AbstractInt}
2026-02-23T18:03:42.613913Z DEBUG naga::front::wgsl::lower::conversion:     consensus: u32
2026-02-23T18:03:42.613915Z TRACE naga::proc::constant_evaluator: try_eval_and_append: As { expr: [175], kind: Uint, convert: Some(4) }
2026-02-23T18:03:42.613918Z DEBUG naga::front: Resolving [176] = Literal(U32(3)) : Value(Scalar(Scalar { kind: Uint, width: 4 }))
2026-02-23T18:03:42.613920Z DEBUG naga::front: Resolving [177] = Binary { op: Add, left: [26], right: [176] } : Handle([1])
2026-02-23T18:03:42.613923Z DEBUG naga::front: Resolving [178] = As { expr: [19], kind: Uint, convert: Some(4) } : Value(Scalar(Scalar { kind: Uint, width: 4 }))
2026-02-23T18:03:42.613925Z DEBUG naga::front::wgsl::lower::conversion: wgsl automatic_conversion_consensus: u32, u32
2026-02-23T18:03:42.613928Z DEBUG naga::front::wgsl::lower::conversion:     consensus: u32
2026-02-23T18:03:42.613930Z DEBUG naga::front: Resolving [179] = Binary { op: Add, left: [177], right: [178] } : Handle([1])
2026-02-23T18:03:42.613932Z DEBUG naga::front: Resolving [180] = Access { base: [174], index: [179] } : Value(Pointer { base: [1], space: Storage { access: StorageAccess(LOAD) } })
2026-02-23T18:03:42.613935Z DEBUG naga::front: Resolving [181] = Load { pointer: [180] } : Handle([1])
2026-02-23T18:03:42.613938Z TRACE naga::proc::constant_evaluator: try_eval_and_append: Literal(AbstractInt(2))
2026-02-23T18:03:42.613940Z DEBUG naga::front: Resolving [182] = GlobalVariable([3]) : Value(Pointer { base: [5], space: Storage { access: StorageAccess(LOAD | STORE) } })
2026-02-23T18:03:42.613943Z DEBUG naga::front: Resolving [183] = Literal(AbstractInt(2)) : Value(Scalar(Scalar { kind: AbstractInt, width: 8 }))
2026-02-23T18:03:42.613945Z DEBUG naga::front::wgsl::lower::conversion: wgsl automatic_conversion_consensus: u32, {AbstractInt}
2026-02-23T18:03:42.613947Z DEBUG naga::front::wgsl::lower::conversion:     consensus: u32
2026-02-23T18:03:42.613949Z TRACE naga::proc::constant_evaluator: try_eval_and_append: As { expr: [183], kind: Uint, convert: Some(4) }
2026-02-23T18:03:42.613952Z DEBUG naga::front: Resolving [184] = Literal(U32(2)) : Value(Scalar(Scalar { kind: Uint, width: 4 }))
2026-02-23T18:03:42.613954Z DEBUG naga::front: Resolving [185] = Binary { op: Add, left: [33], right: [184] } : Handle([1])
2026-02-23T18:03:42.613957Z DEBUG naga::front: Resolving [186] = Access { base: [182], index: [185] } : Value(Pointer { base: [1], space: Storage { access: StorageAccess(LOAD | STORE) } })
2026-02-23T18:03:42.613960Z TRACE naga::proc::constant_evaluator: try_eval_and_append: Literal(U32(0))
2026-02-23T18:03:42.613962Z DEBUG naga::front: Resolving [187] = Literal(U32(0)) : Value(Scalar(Scalar { kind: Uint, width: 4 }))
2026-02-23T18:03:42.613965Z DEBUG naga::front::wgsl::lower::conversion: wgsl automatic_conversion_consensus: u32, u32
2026-02-23T18:03:42.613967Z DEBUG naga::front::wgsl::lower::conversion:     consensus: u32
2026-02-23T18:03:42.613969Z TRACE naga::proc::constant_evaluator: try_eval_and_append: Literal(AbstractInt(0))
2026-02-23T18:03:42.613972Z DEBUG naga::front: Resolving [188] = GlobalVariable([3]) : Value(Pointer { base: [5], space: Storage { access: StorageAccess(LOAD | STORE) } })
2026-02-23T18:03:42.613974Z DEBUG naga::front: Resolving [189] = Binary { op: Add, left: [33], right: [99] } : Handle([1])
2026-02-23T18:03:42.613977Z DEBUG naga::front: Resolving [190] = Literal(AbstractInt(0)) : Value(Scalar(Scalar { kind: AbstractInt, width: 8 }))
2026-02-23T18:03:42.613982Z DEBUG naga::front::wgsl::lower::conversion: wgsl automatic_conversion_consensus: u32, {AbstractInt}
2026-02-23T18:03:42.613984Z DEBUG naga::front::wgsl::lower::conversion:     consensus: u32
2026-02-23T18:03:42.613986Z TRACE naga::proc::constant_evaluator: try_eval_and_append: As { expr: [190], kind: Uint, convert: Some(4) }
2026-02-23T18:03:42.613989Z DEBUG naga::front: Resolving [191] = Literal(U32(0)) : Value(Scalar(Scalar { kind: Uint, width: 4 }))
2026-02-23T18:03:42.613991Z DEBUG naga::front: Resolving [192] = Binary { op: Add, left: [189], right: [191] } : Handle([1])
2026-02-23T18:03:42.613993Z DEBUG naga::front: Resolving [193] = Access { base: [188], index: [192] } : Value(Pointer { base: [1], space: Storage { access: StorageAccess(LOAD | STORE) } })
2026-02-23T18:03:42.613997Z TRACE naga::proc::constant_evaluator: try_eval_and_append: Literal(AbstractInt(0))
2026-02-23T18:03:42.613999Z DEBUG naga::front: Resolving [194] = GlobalVariable([2]) : Value(Pointer { base: [5], space: Storage { access: StorageAccess(LOAD) } })
2026-02-23T18:03:42.614001Z DEBUG naga::front: Resolving [195] = Literal(AbstractInt(0)) : Value(Scalar(Scalar { kind: AbstractInt, width: 8 }))
2026-02-23T18:03:42.614004Z DEBUG naga::front::wgsl::lower::conversion: wgsl automatic_conversion_consensus: u32, {AbstractInt}
2026-02-23T18:03:42.614006Z DEBUG naga::front::wgsl::lower::conversion:     consensus: u32
2026-02-23T18:03:42.614008Z TRACE naga::proc::constant_evaluator: try_eval_and_append: As { expr: [195], kind: Uint, convert: Some(4) }
2026-02-23T18:03:42.614011Z DEBUG naga::front: Resolving [196] = Literal(U32(0)) : Value(Scalar(Scalar { kind: Uint, width: 4 }))
2026-02-23T18:03:42.614013Z DEBUG naga::front: Resolving [197] = Binary { op: Add, left: [26], right: [196] } : Handle([1])
2026-02-23T18:03:42.614016Z DEBUG naga::front: Resolving [198] = Access { base: [194], index: [197] } : Value(Pointer { base: [1], space: Storage { access: StorageAccess(LOAD) } })
2026-02-23T18:03:42.614019Z DEBUG naga::front: Resolving [199] = Load { pointer: [198] } : Handle([1])
2026-02-23T18:03:42.614021Z DEBUG naga::front::wgsl::lower::conversion: wgsl automatic_conversion_consensus: u32, u32
2026-02-23T18:03:42.614024Z DEBUG naga::front::wgsl::lower::conversion:     consensus: u32
2026-02-23T18:03:42.614026Z TRACE naga::proc::constant_evaluator: try_eval_and_append: Literal(AbstractInt(1))
2026-02-23T18:03:42.614028Z DEBUG naga::front: Resolving [200] = GlobalVariable([3]) : Value(Pointer { base: [5], space: Storage { access: StorageAccess(LOAD | STORE) } })
2026-02-23T18:03:42.614031Z DEBUG naga::front: Resolving [201] = Binary { op: Add, left: [33], right: [99] } : Handle([1])
2026-02-23T18:03:42.614033Z DEBUG naga::front: Resolving [202] = Literal(AbstractInt(1)) : Value(Scalar(Scalar { kind: AbstractInt, width: 8 }))
2026-02-23T18:03:42.614036Z DEBUG naga::front::wgsl::lower::conversion: wgsl automatic_conversion_consensus: u32, {AbstractInt}
2026-02-23T18:03:42.614038Z DEBUG naga::front::wgsl::lower::conversion:     consensus: u32
2026-02-23T18:03:42.614040Z TRACE naga::proc::constant_evaluator: try_eval_and_append: As { expr: [202], kind: Uint, convert: Some(4) }
2026-02-23T18:03:42.614042Z DEBUG naga::front: Resolving [203] = Literal(U32(1)) : Value(Scalar(Scalar { kind: Uint, width: 4 }))
2026-02-23T18:03:42.614045Z DEBUG naga::front: Resolving [204] = Binary { op: Add, left: [201], right: [203] } : Handle([1])
2026-02-23T18:03:42.614047Z DEBUG naga::front: Resolving [205] = Access { base: [200], index: [204] } : Value(Pointer { base: [1], space: Storage { access: StorageAccess(LOAD | STORE) } })
2026-02-23T18:03:42.614050Z TRACE naga::proc::constant_evaluator: try_eval_and_append: Literal(AbstractInt(1))
2026-02-23T18:03:42.614053Z DEBUG naga::front: Resolving [206] = GlobalVariable([2]) : Value(Pointer { base: [5], space: Storage { access: StorageAccess(LOAD) } })
2026-02-23T18:03:42.614055Z DEBUG naga::front: Resolving [207] = Literal(AbstractInt(1)) : Value(Scalar(Scalar { kind: AbstractInt, width: 8 }))
2026-02-23T18:03:42.614060Z DEBUG naga::front::wgsl::lower::conversion: wgsl automatic_conversion_consensus: u32, {AbstractInt}
2026-02-23T18:03:42.614063Z DEBUG naga::front::wgsl::lower::conversion:     consensus: u32
2026-02-23T18:03:42.614065Z TRACE naga::proc::constant_evaluator: try_eval_and_append: As { expr: [207], kind: Uint, convert: Some(4) }
2026-02-23T18:03:42.614067Z DEBUG naga::front: Resolving [208] = Literal(U32(1)) : Value(Scalar(Scalar { kind: Uint, width: 4 }))
2026-02-23T18:03:42.614070Z DEBUG naga::front: Resolving [209] = Binary { op: Add, left: [26], right: [208] } : Handle([1])
2026-02-23T18:03:42.614072Z DEBUG naga::front: Resolving [210] = Access { base: [206], index: [209] } : Value(Pointer { base: [1], space: Storage { access: StorageAccess(LOAD) } })
2026-02-23T18:03:42.614075Z DEBUG naga::front: Resolving [211] = Load { pointer: [210] } : Handle([1])
2026-02-23T18:03:42.614078Z DEBUG naga::front::wgsl::lower::conversion: wgsl automatic_conversion_consensus: u32, u32
2026-02-23T18:03:42.614080Z DEBUG naga::front::wgsl::lower::conversion:     consensus: u32
2026-02-23T18:03:42.614082Z TRACE naga::proc::constant_evaluator: try_eval_and_append: Literal(AbstractInt(2))
2026-02-23T18:03:42.614084Z DEBUG naga::front: Resolving [212] = GlobalVariable([3]) : Value(Pointer { base: [5], space: Storage { access: StorageAccess(LOAD | STORE) } })
2026-02-23T18:03:42.614087Z DEBUG naga::front: Resolving [213] = Binary { op: Add, left: [33], right: [99] } : Handle([1])
2026-02-23T18:03:42.614089Z DEBUG naga::front: Resolving [214] = Literal(AbstractInt(2)) : Value(Scalar(Scalar { kind: AbstractInt, width: 8 }))
2026-02-23T18:03:42.614092Z DEBUG naga::front::wgsl::lower::conversion: wgsl automatic_conversion_consensus: u32, {AbstractInt}
2026-02-23T18:03:42.614094Z DEBUG naga::front::wgsl::lower::conversion:     consensus: u32
2026-02-23T18:03:42.614096Z TRACE naga::proc::constant_evaluator: try_eval_and_append: As { expr: [214], kind: Uint, convert: Some(4) }
2026-02-23T18:03:42.614098Z DEBUG naga::front: Resolving [215] = Literal(U32(2)) : Value(Scalar(Scalar { kind: Uint, width: 4 }))
2026-02-23T18:03:42.614101Z DEBUG naga::front: Resolving [216] = Binary { op: Add, left: [213], right: [215] } : Handle([1])
2026-02-23T18:03:42.614104Z DEBUG naga::front: Resolving [217] = Access { base: [212], index: [216] } : Value(Pointer { base: [1], space: Storage { access: StorageAccess(LOAD | STORE) } })
2026-02-23T18:03:42.614106Z TRACE naga::proc::constant_evaluator: try_eval_and_append: Literal(AbstractInt(2))
2026-02-23T18:03:42.614109Z DEBUG naga::front: Resolving [218] = GlobalVariable([2]) : Value(Pointer { base: [5], space: Storage { access: StorageAccess(LOAD) } })
2026-02-23T18:03:42.614112Z DEBUG naga::front: Resolving [219] = Literal(AbstractInt(2)) : Value(Scalar(Scalar { kind: AbstractInt, width: 8 }))
2026-02-23T18:03:42.614114Z DEBUG naga::front::wgsl::lower::conversion: wgsl automatic_conversion_consensus: u32, {AbstractInt}
2026-02-23T18:03:42.614116Z DEBUG naga::front::wgsl::lower::conversion:     consensus: u32
2026-02-23T18:03:42.614118Z TRACE naga::proc::constant_evaluator: try_eval_and_append: As { expr: [219], kind: Uint, convert: Some(4) }
2026-02-23T18:03:42.614121Z DEBUG naga::front: Resolving [220] = Literal(U32(2)) : Value(Scalar(Scalar { kind: Uint, width: 4 }))
2026-02-23T18:03:42.614123Z DEBUG naga::front: Resolving [221] = Binary { op: Add, left: [26], right: [220] } : Handle([1])
2026-02-23T18:03:42.614126Z DEBUG naga::front: Resolving [222] = Access { base: [218], index: [221] } : Value(Pointer { base: [1], space: Storage { access: StorageAccess(LOAD) } })
2026-02-23T18:03:42.614129Z DEBUG naga::front: Resolving [223] = Load { pointer: [222] } : Handle([1])
2026-02-23T18:03:42.614131Z DEBUG naga::front::wgsl::lower::conversion: wgsl automatic_conversion_consensus: u32, u32
2026-02-23T18:03:42.614133Z DEBUG naga::front::wgsl::lower::conversion:     consensus: u32
2026-02-23T18:03:42.614135Z TRACE naga::proc::constant_evaluator: try_eval_and_append: Literal(AbstractInt(3))
2026-02-23T18:03:42.614140Z DEBUG naga::front: Resolving [224] = GlobalVariable([3]) : Value(Pointer { base: [5], space: Storage { access: StorageAccess(LOAD | STORE) } })
2026-02-23T18:03:42.614143Z DEBUG naga::front: Resolving [225] = Binary { op: Add, left: [33], right: [99] } : Handle([1])
2026-02-23T18:03:42.614145Z DEBUG naga::front: Resolving [226] = Literal(AbstractInt(3)) : Value(Scalar(Scalar { kind: AbstractInt, width: 8 }))
2026-02-23T18:03:42.614148Z DEBUG naga::front::wgsl::lower::conversion: wgsl automatic_conversion_consensus: u32, {AbstractInt}
2026-02-23T18:03:42.614150Z DEBUG naga::front::wgsl::lower::conversion:     consensus: u32
2026-02-23T18:03:42.614152Z TRACE naga::proc::constant_evaluator: try_eval_and_append: As { expr: [226], kind: Uint, convert: Some(4) }
2026-02-23T18:03:42.614155Z DEBUG naga::front: Resolving [227] = Literal(U32(3)) : Value(Scalar(Scalar { kind: Uint, width: 4 }))
2026-02-23T18:03:42.614157Z DEBUG naga::front: Resolving [228] = Binary { op: Add, left: [225], right: [227] } : Handle([1])
2026-02-23T18:03:42.614160Z DEBUG naga::front: Resolving [229] = Access { base: [224], index: [228] } : Value(Pointer { base: [1], space: Storage { access: StorageAccess(LOAD | STORE) } })
2026-02-23T18:03:42.614163Z TRACE naga::proc::constant_evaluator: try_eval_and_append: Literal(AbstractInt(3))
2026-02-23T18:03:42.614165Z DEBUG naga::front: Resolving [230] = GlobalVariable([2]) : Value(Pointer { base: [5], space: Storage { access: StorageAccess(LOAD) } })
2026-02-23T18:03:42.614168Z DEBUG naga::front: Resolving [231] = Literal(AbstractInt(3)) : Value(Scalar(Scalar { kind: AbstractInt, width: 8 }))
2026-02-23T18:03:42.614171Z DEBUG naga::front::wgsl::lower::conversion: wgsl automatic_conversion_consensus: u32, {AbstractInt}
2026-02-23T18:03:42.614173Z DEBUG naga::front::wgsl::lower::conversion:     consensus: u32
2026-02-23T18:03:42.614174Z TRACE naga::proc::constant_evaluator: try_eval_and_append: As { expr: [231], kind: Uint, convert: Some(4) }
2026-02-23T18:03:42.614177Z DEBUG naga::front: Resolving [232] = Literal(U32(3)) : Value(Scalar(Scalar { kind: Uint, width: 4 }))
2026-02-23T18:03:42.614179Z DEBUG naga::front: Resolving [233] = Binary { op: Add, left: [26], right: [232] } : Handle([1])
2026-02-23T18:03:42.614182Z DEBUG naga::front: Resolving [234] = Access { base: [230], index: [233] } : Value(Pointer { base: [1], space: Storage { access: StorageAccess(LOAD) } })
2026-02-23T18:03:42.614185Z DEBUG naga::front: Resolving [235] = Load { pointer: [234] } : Handle([1])
2026-02-23T18:03:42.614190Z DEBUG naga::front::wgsl::lower::conversion: wgsl automatic_conversion_consensus: u32, u32
2026-02-23T18:03:42.614193Z DEBUG naga::front::wgsl::lower::conversion:     consensus: u32
2026-02-23T18:03:42.614195Z TRACE naga::proc::constant_evaluator: try_eval_and_append: Literal(AbstractInt(4))
2026-02-23T18:03:42.614197Z DEBUG naga::front: Resolving [236] = GlobalVariable([3]) : Value(Pointer { base: [5], space: Storage { access: StorageAccess(LOAD | STORE) } })
2026-02-23T18:03:42.614200Z DEBUG naga::front: Resolving [237] = Binary { op: Add, left: [33], right: [99] } : Handle([1])
2026-02-23T18:03:42.614202Z DEBUG naga::front: Resolving [238] = Literal(AbstractInt(4)) : Value(Scalar(Scalar { kind: AbstractInt, width: 8 }))
2026-02-23T18:03:42.614205Z DEBUG naga::front::wgsl::lower::conversion: wgsl automatic_conversion_consensus: u32, {AbstractInt}
2026-02-23T18:03:42.614207Z DEBUG naga::front::wgsl::lower::conversion:     consensus: u32
2026-02-23T18:03:42.614209Z TRACE naga::proc::constant_evaluator: try_eval_and_append: As { expr: [238], kind: Uint, convert: Some(4) }
2026-02-23T18:03:42.614212Z DEBUG naga::front: Resolving [239] = Literal(U32(4)) : Value(Scalar(Scalar { kind: Uint, width: 4 }))
2026-02-23T18:03:42.614214Z DEBUG naga::front: Resolving [240] = Binary { op: Add, left: [237], right: [239] } : Handle([1])
2026-02-23T18:03:42.614217Z DEBUG naga::front: Resolving [241] = Access { base: [236], index: [240] } : Value(Pointer { base: [1], space: Storage { access: StorageAccess(LOAD | STORE) } })
2026-02-23T18:03:42.614223Z TRACE naga::proc::constant_evaluator: try_eval_and_append: Literal(AbstractInt(4))
2026-02-23T18:03:42.614225Z DEBUG naga::front: Resolving [242] = GlobalVariable([2]) : Value(Pointer { base: [5], space: Storage { access: StorageAccess(LOAD) } })
2026-02-23T18:03:42.614228Z DEBUG naga::front: Resolving [243] = Literal(AbstractInt(4)) : Value(Scalar(Scalar { kind: AbstractInt, width: 8 }))
2026-02-23T18:03:42.614231Z DEBUG naga::front::wgsl::lower::conversion: wgsl automatic_conversion_consensus: u32, {AbstractInt}
2026-02-23T18:03:42.614233Z DEBUG naga::front::wgsl::lower::conversion:     consensus: u32
2026-02-23T18:03:42.614234Z TRACE naga::proc::constant_evaluator: try_eval_and_append: As { expr: [243], kind: Uint, convert: Some(4) }
2026-02-23T18:03:42.614237Z DEBUG naga::front: Resolving [244] = Literal(U32(4)) : Value(Scalar(Scalar { kind: Uint, width: 4 }))
2026-02-23T18:03:42.614239Z DEBUG naga::front: Resolving [245] = Binary { op: Add, left: [26], right: [244] } : Handle([1])
2026-02-23T18:03:42.614243Z DEBUG naga::front: Resolving [246] = Access { base: [242], index: [245] } : Value(Pointer { base: [1], space: Storage { access: StorageAccess(LOAD) } })
2026-02-23T18:03:42.614246Z DEBUG naga::front: Resolving [247] = Load { pointer: [246] } : Handle([1])
2026-02-23T18:03:42.614250Z TRACE naga::proc::constant_evaluator: try_eval_and_append: Literal(AbstractInt(64))
2026-02-23T18:03:42.614252Z DEBUG naga::front: Resolving [11] = Literal(I32(0)) : Value(Scalar(Scalar { kind: Sint, width: 4 }))
2026-02-23T18:03:42.614255Z DEBUG naga::front: Resolving [12] = Literal(AbstractInt(64)) : Value(Scalar(Scalar { kind: AbstractInt, width: 8 }))
2026-02-23T18:03:42.614260Z TRACE naga::compact: tracing entry points
2026-02-23T18:03:42.614263Z TRACE naga::compact: tracing entry point Some("main")
2026-02-23T18:03:42.614268Z TRACE naga::compact::expressions: entering trace_expression of function expressions
2026-02-23T18:03:42.614270Z TRACE naga::compact::expressions: tracing new expression Load { pointer: [246] }
2026-02-23T18:03:42.614272Z TRACE naga::compact::expressions: tracing new expression Access { base: [242], index: [245] }
2026-02-23T18:03:42.614275Z TRACE naga::compact::expressions: tracing new expression Binary { op: Add, left: [26], right: [244] }
2026-02-23T18:03:42.614277Z TRACE naga::compact::expressions: tracing new expression Literal(U32(4))
2026-02-23T18:03:42.614279Z TRACE naga::compact::expressions: tracing new expression GlobalVariable([2])
2026-02-23T18:03:42.614281Z TRACE naga::compact::expressions: tracing new expression Access { base: [236], index: [240] }
2026-02-23T18:03:42.614283Z TRACE naga::compact::expressions: tracing new expression Binary { op: Add, left: [237], right: [239] }
2026-02-23T18:03:42.614285Z TRACE naga::compact::expressions: tracing new expression Literal(U32(4))
2026-02-23T18:03:42.614287Z TRACE naga::compact::expressions: tracing new expression Binary { op: Add, left: [33], right: [99] }
2026-02-23T18:03:42.614289Z TRACE naga::compact::expressions: tracing new expression GlobalVariable([3])
2026-02-23T18:03:42.614291Z TRACE naga::compact::expressions: tracing new expression Load { pointer: [234] }
2026-02-23T18:03:42.614292Z TRACE naga::compact::expressions: tracing new expression Access { base: [230], index: [233] }
2026-02-23T18:03:42.614294Z TRACE naga::compact::expressions: tracing new expression Binary { op: Add, left: [26], right: [232] }
2026-02-23T18:03:42.614297Z TRACE naga::compact::expressions: tracing new expression Literal(U32(3))
2026-02-23T18:03:42.614298Z TRACE naga::compact::expressions: tracing new expression GlobalVariable([2])
2026-02-23T18:03:42.614300Z TRACE naga::compact::expressions: tracing new expression Access { base: [224], index: [228] }
2026-02-23T18:03:42.614302Z TRACE naga::compact::expressions: tracing new expression Binary { op: Add, left: [225], right: [227] }
2026-02-23T18:03:42.614304Z TRACE naga::compact::expressions: tracing new expression Literal(U32(3))
2026-02-23T18:03:42.614306Z TRACE naga::compact::expressions: tracing new expression Binary { op: Add, left: [33], right: [99] }
2026-02-23T18:03:42.614312Z TRACE naga::compact::expressions: tracing new expression GlobalVariable([3])
2026-02-23T18:03:42.614314Z TRACE naga::compact::expressions: tracing new expression Load { pointer: [222] }
2026-02-23T18:03:42.614316Z TRACE naga::compact::expressions: tracing new expression Access { base: [218], index: [221] }
2026-02-23T18:03:42.614318Z TRACE naga::compact::expressions: tracing new expression Binary { op: Add, left: [26], right: [220] }
2026-02-23T18:03:42.614320Z TRACE naga::compact::expressions: tracing new expression Literal(U32(2))
2026-02-23T18:03:42.614322Z TRACE naga::compact::expressions: tracing new expression GlobalVariable([2])
2026-02-23T18:03:42.614324Z TRACE naga::compact::expressions: tracing new expression Access { base: [212], index: [216] }
2026-02-23T18:03:42.614326Z TRACE naga::compact::expressions: tracing new expression Binary { op: Add, left: [213], right: [215] }
2026-02-23T18:03:42.614328Z TRACE naga::compact::expressions: tracing new expression Literal(U32(2))
2026-02-23T18:03:42.614330Z TRACE naga::compact::expressions: tracing new expression Binary { op: Add, left: [33], right: [99] }
2026-02-23T18:03:42.614332Z TRACE naga::compact::expressions: tracing new expression GlobalVariable([3])
2026-02-23T18:03:42.614334Z TRACE naga::compact::expressions: tracing new expression Load { pointer: [210] }
2026-02-23T18:03:42.614336Z TRACE naga::compact::expressions: tracing new expression Access { base: [206], index: [209] }
2026-02-23T18:03:42.614338Z TRACE naga::compact::expressions: tracing new expression Binary { op: Add, left: [26], right: [208] }
2026-02-23T18:03:42.614340Z TRACE naga::compact::expressions: tracing new expression Literal(U32(1))
2026-02-23T18:03:42.614342Z TRACE naga::compact::expressions: tracing new expression GlobalVariable([2])
2026-02-23T18:03:42.614344Z TRACE naga::compact::expressions: tracing new expression Access { base: [200], index: [204] }
2026-02-23T18:03:42.614346Z TRACE naga::compact::expressions: tracing new expression Binary { op: Add, left: [201], right: [203] }
2026-02-23T18:03:42.614348Z TRACE naga::compact::expressions: tracing new expression Literal(U32(1))
2026-02-23T18:03:42.614350Z TRACE naga::compact::expressions: tracing new expression Binary { op: Add, left: [33], right: [99] }
2026-02-23T18:03:42.614352Z TRACE naga::compact::expressions: tracing new expression GlobalVariable([3])
2026-02-23T18:03:42.614354Z TRACE naga::compact::expressions: tracing new expression Load { pointer: [198] }
2026-02-23T18:03:42.614355Z TRACE naga::compact::expressions: tracing new expression Access { base: [194], index: [197] }
2026-02-23T18:03:42.614357Z TRACE naga::compact::expressions: tracing new expression Binary { op: Add, left: [26], right: [196] }
2026-02-23T18:03:42.614359Z TRACE naga::compact::expressions: tracing new expression Literal(U32(0))
2026-02-23T18:03:42.614361Z TRACE naga::compact::expressions: tracing new expression GlobalVariable([2])
2026-02-23T18:03:42.614363Z TRACE naga::compact::expressions: tracing new expression Access { base: [188], index: [192] }
2026-02-23T18:03:42.614365Z TRACE naga::compact::expressions: tracing new expression Binary { op: Add, left: [189], right: [191] }
2026-02-23T18:03:42.614367Z TRACE naga::compact::expressions: tracing new expression Literal(U32(0))
2026-02-23T18:03:42.614369Z TRACE naga::compact::expressions: tracing new expression Binary { op: Add, left: [33], right: [99] }
2026-02-23T18:03:42.614371Z TRACE naga::compact::expressions: tracing new expression GlobalVariable([3])
2026-02-23T18:03:42.614373Z TRACE naga::compact::expressions: tracing new expression Literal(U32(0))
2026-02-23T18:03:42.614375Z TRACE naga::compact::expressions: tracing new expression Access { base: [182], index: [185] }
2026-02-23T18:03:42.614377Z TRACE naga::compact::expressions: tracing new expression Binary { op: Add, left: [33], right: [184] }
2026-02-23T18:03:42.614379Z TRACE naga::compact::expressions: tracing new expression Literal(U32(2))
2026-02-23T18:03:42.614384Z TRACE naga::compact::expressions: tracing new expression GlobalVariable([3])
2026-02-23T18:03:42.614386Z TRACE naga::compact::expressions: tracing new expression Load { pointer: [180] }
2026-02-23T18:03:42.614387Z TRACE naga::compact::expressions: tracing new expression Access { base: [174], index: [179] }
2026-02-23T18:03:42.614389Z TRACE naga::compact::expressions: tracing new expression Binary { op: Add, left: [177], right: [178] }
2026-02-23T18:03:42.614391Z TRACE naga::compact::expressions: tracing new expression As { expr: [19], kind: Uint, convert: Some(4) }
2026-02-23T18:03:42.614394Z TRACE naga::compact::expressions: tracing new expression Binary { op: Add, left: [26], right: [176] }
2026-02-23T18:03:42.614396Z TRACE naga::compact::expressions: tracing new expression Literal(U32(3))
2026-02-23T18:03:42.614397Z TRACE naga::compact::expressions: tracing new expression GlobalVariable([2])
2026-02-23T18:03:42.614399Z TRACE naga::compact::expressions: tracing new expression Access { base: [169], index: [172] }
2026-02-23T18:03:42.614401Z TRACE naga::compact::expressions: tracing new expression Binary { op: Add, left: [33], right: [171] }
2026-02-23T18:03:42.614403Z TRACE naga::compact::expressions: tracing new expression Literal(U32(1))
2026-02-23T18:03:42.614405Z TRACE naga::compact::expressions: tracing new expression GlobalVariable([3])
2026-02-23T18:03:42.614407Z TRACE naga::compact::expressions: tracing new expression Load { pointer: [167] }
2026-02-23T18:03:42.614409Z TRACE naga::compact::expressions: tracing new expression Access { base: [161], index: [166] }
2026-02-23T18:03:42.614411Z TRACE naga::compact::expressions: tracing new expression Binary { op: Add, left: [164], right: [165] }
2026-02-23T18:03:42.614413Z TRACE naga::compact::expressions: tracing new expression As { expr: [19], kind: Uint, convert: Some(4) }
2026-02-23T18:03:42.614415Z TRACE naga::compact::expressions: tracing new expression Binary { op: Add, left: [26], right: [163] }
2026-02-23T18:03:42.614418Z TRACE naga::compact::expressions: tracing new expression Literal(U32(2))
2026-02-23T18:03:42.614419Z TRACE naga::compact::expressions: tracing new expression GlobalVariable([2])
2026-02-23T18:03:42.614421Z TRACE naga::compact::expressions: tracing new expression Access { base: [156], index: [159] }
2026-02-23T18:03:42.614423Z TRACE naga::compact::expressions: tracing new expression Binary { op: Add, left: [33], right: [158] }
2026-02-23T18:03:42.614425Z TRACE naga::compact::expressions: tracing new expression Literal(U32(0))
2026-02-23T18:03:42.614427Z TRACE naga::compact::expressions: tracing new expression GlobalVariable([3])
2026-02-23T18:03:42.614429Z TRACE naga::compact::expressions: tracing new expression Override([1])
2026-02-23T18:03:42.614431Z TRACE naga::compact::expressions: tracing new expression Literal(U32(0))
2026-02-23T18:03:42.614433Z TRACE naga::compact::expressions: tracing new expression Access { base: [148], index: [152] }
2026-02-23T18:03:42.614435Z TRACE naga::compact::expressions: tracing new expression Binary { op: Add, left: [149], right: [151] }
2026-02-23T18:03:42.614437Z TRACE naga::compact::expressions: tracing new expression Literal(U32(4))
2026-02-23T18:03:42.614439Z TRACE naga::compact::expressions: tracing new expression Binary { op: Add, left: [33], right: [99] }
2026-02-23T18:03:42.614441Z TRACE naga::compact::expressions: tracing new expression GlobalVariable([3])
2026-02-23T18:03:42.614443Z TRACE naga::compact::expressions: tracing new expression Literal(U32(0))
2026-02-23T18:03:42.614444Z TRACE naga::compact::expressions: tracing new expression Access { base: [141], index: [145] }
2026-02-23T18:03:42.614446Z TRACE naga::compact::expressions: tracing new expression Binary { op: Add, left: [142], right: [144] }
2026-02-23T18:03:42.614448Z TRACE naga::compact::expressions: tracing new expression Literal(U32(3))
2026-02-23T18:03:42.614450Z TRACE naga::compact::expressions: tracing new expression Binary { op: Add, left: [33], right: [99] }
2026-02-23T18:03:42.614455Z TRACE naga::compact::expressions: tracing new expression GlobalVariable([3])
2026-02-23T18:03:42.614457Z TRACE naga::compact::expressions: tracing new expression Literal(U32(0))
2026-02-23T18:03:42.614459Z TRACE naga::compact::expressions: tracing new expression Access { base: [134], index: [138] }
2026-02-23T18:03:42.614461Z TRACE naga::compact::expressions: tracing new expression Binary { op: Add, left: [135], right: [137] }
2026-02-23T18:03:42.614463Z TRACE naga::compact::expressions: tracing new expression Literal(U32(2))
2026-02-23T18:03:42.614465Z TRACE naga::compact::expressions: tracing new expression Binary { op: Add, left: [33], right: [99] }
2026-02-23T18:03:42.614467Z TRACE naga::compact::expressions: tracing new expression GlobalVariable([3])
2026-02-23T18:03:42.614469Z TRACE naga::compact::expressions: tracing new expression Literal(U32(0))
2026-02-23T18:03:42.614471Z TRACE naga::compact::expressions: tracing new expression Access { base: [127], index: [131] }
2026-02-23T18:03:42.614473Z TRACE naga::compact::expressions: tracing new expression Binary { op: Add, left: [128], right: [130] }
2026-02-23T18:03:42.614475Z TRACE naga::compact::expressions: tracing new expression Literal(U32(1))
2026-02-23T18:03:42.614476Z TRACE naga::compact::expressions: tracing new expression Binary { op: Add, left: [33], right: [99] }
2026-02-23T18:03:42.614479Z TRACE naga::compact::expressions: tracing new expression GlobalVariable([3])
2026-02-23T18:03:42.614480Z TRACE naga::compact::expressions: tracing new expression Literal(U32(0))
2026-02-23T18:03:42.614482Z TRACE naga::compact::expressions: tracing new expression Access { base: [120], index: [124] }
2026-02-23T18:03:42.614484Z TRACE naga::compact::expressions: tracing new expression Binary { op: Add, left: [121], right: [123] }
2026-02-23T18:03:42.614486Z TRACE naga::compact::expressions: tracing new expression Literal(U32(0))
2026-02-23T18:03:42.614488Z TRACE naga::compact::expressions: tracing new expression Binary { op: Add, left: [33], right: [99] }
2026-02-23T18:03:42.614490Z TRACE naga::compact::expressions: tracing new expression GlobalVariable([3])
2026-02-23T18:03:42.614492Z TRACE naga::compact::expressions: tracing new expression Literal(U32(0))
2026-02-23T18:03:42.614494Z TRACE naga::compact::expressions: tracing new expression Access { base: [114], index: [117] }
2026-02-23T18:03:42.614496Z TRACE naga::compact::expressions: tracing new expression Binary { op: Add, left: [33], right: [116] }
2026-02-23T18:03:42.614498Z TRACE naga::compact::expressions: tracing new expression Literal(U32(2))
2026-02-23T18:03:42.614500Z TRACE naga::compact::expressions: tracing new expression GlobalVariable([3])
2026-02-23T18:03:42.614502Z TRACE naga::compact::expressions: tracing new expression Literal(U32(0))
2026-02-23T18:03:42.614504Z TRACE naga::compact::expressions: tracing new expression Access { base: [108], index: [111] }
2026-02-23T18:03:42.614506Z TRACE naga::compact::expressions: tracing new expression Binary { op: Add, left: [33], right: [110] }
2026-02-23T18:03:42.614508Z TRACE naga::compact::expressions: tracing new expression Literal(U32(1))
2026-02-23T18:03:42.614510Z TRACE naga::compact::expressions: tracing new expression GlobalVariable([3])
2026-02-23T18:03:42.614511Z TRACE naga::compact::expressions: tracing new expression Literal(U32(0))
2026-02-23T18:03:42.614513Z TRACE naga::compact::expressions: tracing new expression Access { base: [102], index: [105] }
2026-02-23T18:03:42.614515Z TRACE naga::compact::expressions: tracing new expression Binary { op: Add, left: [33], right: [104] }
2026-02-23T18:03:42.614517Z TRACE naga::compact::expressions: tracing new expression Literal(U32(0))
2026-02-23T18:03:42.614519Z TRACE naga::compact::expressions: tracing new expression GlobalVariable([3])
2026-02-23T18:03:42.614521Z TRACE naga::compact::expressions: tracing new expression Override([1])
2026-02-23T18:03:42.614523Z TRACE naga::compact::expressions: tracing new expression Load { pointer: [15] }
2026-02-23T18:03:42.614525Z TRACE naga::compact::expressions: tracing new expression Select { condition: [98], accept: [97], reject: [96] }
2026-02-23T18:03:42.614529Z TRACE naga::compact::expressions: tracing new expression Override([1])
2026-02-23T18:03:42.614531Z TRACE naga::compact::expressions: tracing new expression Literal(U32(3))
2026-02-23T18:03:42.614533Z TRACE naga::compact::expressions: tracing new expression Literal(U32(0))
2026-02-23T18:03:42.614535Z TRACE naga::compact::expressions: tracing new expression Binary { op: InclusiveOr, left: [94], right: [93] }
2026-02-23T18:03:42.614537Z TRACE naga::compact::expressions: tracing new expression Load { pointer: [15] }
2026-02-23T18:03:42.614539Z TRACE naga::compact::expressions: tracing new expression Binary { op: NotEqual, left: [68], right: [92] }
2026-02-23T18:03:42.614541Z TRACE naga::compact::expressions: tracing new expression Literal(U32(0))
2026-02-23T18:03:42.614543Z TRACE naga::compact::expressions: tracing new expression Unary { op: LogicalNot, expr: [90] }
2026-02-23T18:03:42.614545Z TRACE naga::compact::expressions: tracing new expression Override([0])
2026-02-23T18:03:42.614547Z TRACE naga::compact::expressions: tracing new expression Binary { op: InclusiveOr, left: [88], right: [87] }
2026-02-23T18:03:42.614549Z TRACE naga::compact::expressions: tracing new expression Load { pointer: [15] }
2026-02-23T18:03:42.614551Z TRACE naga::compact::expressions: tracing new expression Binary { op: Less, left: [86], right: [74] }
2026-02-23T18:03:42.614553Z TRACE naga::compact::expressions: tracing new expression Binary { op: Subtract, left: [85], right: [68] }
2026-02-23T18:03:42.614555Z TRACE naga::compact::expressions: tracing new expression AccessIndex { base: [13], index: 3 }
2026-02-23T18:03:42.614557Z TRACE naga::compact::expressions: tracing new expression Binary { op: InclusiveOr, left: [83], right: [82] }
2026-02-23T18:03:42.614559Z TRACE naga::compact::expressions: tracing new expression Load { pointer: [15] }
2026-02-23T18:03:42.614561Z TRACE naga::compact::expressions: tracing new expression Binary { op: LogicalAnd, left: [80], right: [81] }
2026-02-23T18:03:42.614563Z TRACE naga::compact::expressions: tracing new expression Unary { op: LogicalNot, expr: [78] }
2026-02-23T18:03:42.614565Z TRACE naga::compact::expressions: tracing new expression Binary { op: Less, left: [79], right: [68] }
2026-02-23T18:03:42.614567Z TRACE naga::compact::expressions: tracing new expression AccessIndex { base: [13], index: 3 }
2026-02-23T18:03:42.614569Z TRACE naga::compact::expressions: tracing new expression CallResult([0])
2026-02-23T18:03:42.614571Z TRACE naga::compact::expressions: tracing new expression Literal(U32(31))
2026-02-23T18:03:42.614573Z TRACE naga::compact::expressions: tracing new expression AccessIndex { base: [13], index: 1 }
2026-02-23T18:03:42.614575Z TRACE naga::compact::expressions: tracing new expression Load { pointer: [73] }
2026-02-23T18:03:42.614577Z TRACE naga::compact::expressions: tracing new expression Access { base: [69], index: [72] }
2026-02-23T18:03:42.614579Z TRACE naga::compact::expressions: tracing new expression Binary { op: Add, left: [26], right: [71] }
2026-02-23T18:03:42.614581Z TRACE naga::compact::expressions: tracing new expression Literal(U32(1))
2026-02-23T18:03:42.614583Z TRACE naga::compact::expressions: tracing new expression GlobalVariable([2])
2026-02-23T18:03:42.614585Z TRACE naga::compact::expressions: tracing new expression Load { pointer: [67] }
2026-02-23T18:03:42.614586Z TRACE naga::compact::expressions: tracing new expression Access { base: [61], index: [66] }
2026-02-23T18:03:42.614588Z TRACE naga::compact::expressions: tracing new expression Binary { op: Add, left: [64], right: [65] }
2026-02-23T18:03:42.614590Z TRACE naga::compact::expressions: tracing new expression As { expr: [19], kind: Uint, convert: Some(4) }
2026-02-23T18:03:42.614592Z TRACE naga::compact::expressions: tracing new expression Binary { op: Add, left: [26], right: [63] }
2026-02-23T18:03:42.614594Z TRACE naga::compact::expressions: tracing new expression Literal(U32(3))
2026-02-23T18:03:42.614599Z TRACE naga::compact::expressions: tracing new expression GlobalVariable([2])
2026-02-23T18:03:42.614602Z TRACE naga::compact::expressions: tracing new expression Binary { op: InclusiveOr, left: [59], right: [58] }
2026-02-23T18:03:42.614604Z TRACE naga::compact::expressions: tracing new expression Load { pointer: [15] }
2026-02-23T18:03:42.614606Z TRACE naga::compact::expressions: tracing new expression Binary { op: Less, left: [57], right: [45] }
2026-02-23T18:03:42.614608Z TRACE naga::compact::expressions: tracing new expression Binary { op: Subtract, left: [56], right: [39] }
2026-02-23T18:03:42.614610Z TRACE naga::compact::expressions: tracing new expression AccessIndex { base: [13], index: 2 }
2026-02-23T18:03:42.614612Z TRACE naga::compact::expressions: tracing new expression Binary { op: InclusiveOr, left: [54], right: [53] }
2026-02-23T18:03:42.614614Z TRACE naga::compact::expressions: tracing new expression Load { pointer: [15] }
2026-02-23T18:03:42.614616Z TRACE naga::compact::expressions: tracing new expression Binary { op: LogicalAnd, left: [51], right: [52] }
2026-02-23T18:03:42.614618Z TRACE naga::compact::expressions: tracing new expression Unary { op: LogicalNot, expr: [49] }
2026-02-23T18:03:42.614620Z TRACE naga::compact::expressions: tracing new expression Binary { op: Less, left: [50], right: [39] }
2026-02-23T18:03:42.614622Z TRACE naga::compact::expressions: tracing new expression AccessIndex { base: [13], index: 2 }
2026-02-23T18:03:42.614624Z TRACE naga::compact::expressions: tracing new expression CallResult([0])
2026-02-23T18:03:42.614625Z TRACE naga::compact::expressions: tracing new expression Literal(U32(30))
2026-02-23T18:03:42.614627Z TRACE naga::compact::expressions: tracing new expression AccessIndex { base: [13], index: 1 }
2026-02-23T18:03:42.614629Z TRACE naga::compact::expressions: tracing new expression Load { pointer: [44] }
2026-02-23T18:03:42.614631Z TRACE naga::compact::expressions: tracing new expression Access { base: [40], index: [43] }
2026-02-23T18:03:42.614633Z TRACE naga::compact::expressions: tracing new expression Binary { op: Add, left: [26], right: [42] }
2026-02-23T18:03:42.614635Z TRACE naga::compact::expressions: tracing new expression Literal(U32(0))
2026-02-23T18:03:42.614637Z TRACE naga::compact::expressions: tracing new expression GlobalVariable([2])
2026-02-23T18:03:42.614639Z TRACE naga::compact::expressions: tracing new expression Load { pointer: [38] }
2026-02-23T18:03:42.614641Z TRACE naga::compact::expressions: tracing new expression Access { base: [34], index: [37] }
2026-02-23T18:03:42.614643Z TRACE naga::compact::expressions: tracing new expression Binary { op: Add, left: [26], right: [36] }
2026-02-23T18:03:42.614645Z TRACE naga::compact::expressions: tracing new expression Literal(U32(2))
2026-02-23T18:03:42.614647Z TRACE naga::compact::expressions: tracing new expression GlobalVariable([2])
2026-02-23T18:03:42.614649Z TRACE naga::compact::expressions: tracing new expression Binary { op: ShiftRight, left: [30], right: [32] }
2026-02-23T18:03:42.614652Z TRACE naga::compact::expressions: tracing new expression Literal(U32(2))
2026-02-23T18:03:42.614653Z TRACE naga::compact::expressions: tracing new expression Binary { op: ShiftLeft, left: [27], right: [29] }
2026-02-23T18:03:42.614655Z TRACE naga::compact::expressions: tracing new expression Literal(U32(2))
2026-02-23T18:03:42.614657Z TRACE naga::compact::expressions: tracing new expression AccessIndex { base: [13], index: 1 }
2026-02-23T18:03:42.614659Z TRACE naga::compact::expressions: tracing new expression Binary { op: ShiftRight, left: [23], right: [25] }
2026-02-23T18:03:42.614661Z TRACE naga::compact::expressions: tracing new expression Literal(U32(2))
2026-02-23T18:03:42.614663Z TRACE naga::compact::expressions: tracing new expression Binary { op: ShiftLeft, left: [20], right: [22] }
2026-02-23T18:03:42.614665Z TRACE naga::compact::expressions: tracing new expression Literal(U32(2))
2026-02-23T18:03:42.614667Z TRACE naga::compact::expressions: tracing new expression AccessIndex { base: [13], index: 0 }
2026-02-23T18:03:42.614672Z TRACE naga::compact::expressions: tracing new expression CallResult([0])
2026-02-23T18:03:42.614674Z TRACE naga::compact::expressions: tracing new expression Literal(U32(31))
2026-02-23T18:03:42.614676Z TRACE naga::compact::expressions: tracing new expression AccessIndex { base: [13], index: 0 }
2026-02-23T18:03:42.614678Z TRACE naga::compact::expressions: tracing new expression LocalVariable([0])
2026-02-23T18:03:42.614680Z TRACE naga::compact::expressions: tracing new expression Literal(Bool(false))
2026-02-23T18:03:42.614682Z TRACE naga::compact::expressions: tracing new expression Load { pointer: [12] }
2026-02-23T18:03:42.614684Z TRACE naga::compact::expressions: tracing new expression Access { base: [6], index: [11] }
2026-02-23T18:03:42.614686Z TRACE naga::compact::expressions: tracing new expression Binary { op: Add, left: [9], right: [10] }
2026-02-23T18:03:42.614688Z TRACE naga::compact::expressions: tracing new expression AccessIndex { base: [0], index: 0 }
2026-02-23T18:03:42.614690Z TRACE naga::compact::expressions: tracing new expression Load { pointer: [8] }
2026-02-23T18:03:42.614692Z TRACE naga::compact::expressions: tracing new expression AccessIndex { base: [7], index: 0 }
2026-02-23T18:03:42.614694Z TRACE naga::compact::expressions: tracing new expression GlobalVariable([0])
2026-02-23T18:03:42.614696Z TRACE naga::compact::expressions: tracing new expression GlobalVariable([1])
2026-02-23T18:03:42.614697Z TRACE naga::compact::expressions: tracing new expression Binary { op: GreaterEqual, left: [1], right: [4] }
2026-02-23T18:03:42.614699Z TRACE naga::compact::expressions: tracing new expression Load { pointer: [3] }
2026-02-23T18:03:42.614701Z TRACE naga::compact::expressions: tracing new expression AccessIndex { base: [2], index: 1 }
2026-02-23T18:03:42.614703Z TRACE naga::compact::expressions: tracing new expression GlobalVariable([0])
2026-02-23T18:03:42.614705Z TRACE naga::compact::expressions: tracing new expression AccessIndex { base: [0], index: 0 }
2026-02-23T18:03:42.614707Z TRACE naga::compact::expressions: tracing new expression FunctionArgument(0)
2026-02-23T18:03:42.614711Z TRACE naga::compact: tracing functions
2026-02-23T18:03:42.614713Z TRACE naga::compact: tracing function Function { name: Some("is_bit_set"), arguments: [FunctionArgument { name: Some("data"), ty: [1], binding: None }, FunctionArgument { name: Some("index"), ty: [1], binding: None }], result: Some(FunctionResult { ty: [0], binding: None }), local_variables: {}, expressions: {[0]: FunctionArgument(0), [1]: FunctionArgument(1), [2]: Binary { op: ShiftRight, left: [0], right: [1] }, [3]: Literal(U32(1)), [4]: Binary { op: And, left: [2], right: [3] }, [5]: Literal(U32(1)), [6]: Binary { op: Equal, left: [4], right: [5] }}, named_expressions: {[0]: "data", [1]: "index"}, body: Block { body: [Emit([2..3]), Emit([4..5]), Emit([6..7]), Return { value: Some([6]) }], span_info: [Span { start: 865, end: 878 }, Span { start: 864, end: 884 }, Span { start: 863, end: 891 }, Span { start: 856, end: 892 }] }, diagnostic_filter_leaf: None }
2026-02-23T18:03:42.614727Z TRACE naga::compact::expressions: entering trace_expression of function expressions
2026-02-23T18:03:42.614729Z TRACE naga::compact::expressions: tracing new expression Binary { op: Equal, left: [4], right: [5] }
2026-02-23T18:03:42.614731Z TRACE naga::compact::expressions: tracing new expression Literal(U32(1))
2026-02-23T18:03:42.614733Z TRACE naga::compact::expressions: tracing new expression Binary { op: And, left: [2], right: [3] }
2026-02-23T18:03:42.614735Z TRACE naga::compact::expressions: tracing new expression Literal(U32(1))
2026-02-23T18:03:42.614737Z TRACE naga::compact::expressions: tracing new expression Binary { op: ShiftRight, left: [0], right: [1] }
2026-02-23T18:03:42.614739Z TRACE naga::compact::expressions: tracing new expression FunctionArgument(1)
2026-02-23T18:03:42.614741Z TRACE naga::compact::expressions: tracing new expression FunctionArgument(0)
2026-02-23T18:03:42.614743Z TRACE naga::compact: tracing special types
2026-02-23T18:03:42.614749Z TRACE naga::compact: tracing global variables
2026-02-23T18:03:42.614751Z TRACE naga::compact: tracing global Some("metadata_range")
2026-02-23T18:03:42.614753Z TRACE naga::compact: tracing global Some("metadata")
2026-02-23T18:03:42.614755Z TRACE naga::compact: tracing global Some("src")
2026-02-23T18:03:42.614756Z TRACE naga::compact: tracing global Some("dst")
2026-02-23T18:03:42.614758Z TRACE naga::compact: tracing named constants
2026-02-23T18:03:42.614762Z TRACE naga::compact: compacting types
2026-02-23T18:03:42.614764Z TRACE naga::compact::handle_set_map: adjusting naga::ir::Type handle [0] -> [Some(0)]
2026-02-23T18:03:42.614767Z TRACE naga::compact::handle_set_map: adjusting naga::ir::Type handle [1] -> [Some(1)]
2026-02-23T18:03:42.614769Z TRACE naga::compact::handle_set_map: adjusting naga::ir::Type handle [2] -> [Some(2)]
2026-02-23T18:03:42.614771Z TRACE naga::compact::handle_set_map: adjusting naga::ir::Type handle [1] -> [Some(1)]
2026-02-23T18:03:42.614773Z TRACE naga::compact::handle_set_map: adjusting naga::ir::Type handle [1] -> [Some(1)]
2026-02-23T18:03:42.614775Z TRACE naga::compact::handle_set_map: adjusting naga::ir::Type handle [1] -> [Some(1)]
2026-02-23T18:03:42.614777Z TRACE naga::compact::handle_set_map: adjusting naga::ir::Type handle [1] -> [Some(1)]
2026-02-23T18:03:42.614779Z TRACE naga::compact::handle_set_map: adjusting naga::ir::Type handle [3] -> [Some(3)]
2026-02-23T18:03:42.614781Z TRACE naga::compact::handle_set_map: adjusting naga::ir::Type handle [1] -> [Some(1)]
2026-02-23T18:03:42.614783Z TRACE naga::compact::handle_set_map: adjusting naga::ir::Type handle [1] -> [Some(1)]
2026-02-23T18:03:42.614785Z TRACE naga::compact::handle_set_map: adjusting naga::ir::Type handle [4] -> [Some(4)]
2026-02-23T18:03:42.614787Z TRACE naga::compact::handle_set_map: adjusting naga::ir::Type handle [2] -> [Some(2)]
2026-02-23T18:03:42.614789Z TRACE naga::compact::handle_set_map: adjusting naga::ir::Type handle [5] -> [Some(5)]
2026-02-23T18:03:42.614791Z TRACE naga::compact::handle_set_map: adjusting naga::ir::Type handle [1] -> [Some(1)]
2026-02-23T18:03:42.614793Z TRACE naga::compact::handle_set_map: adjusting naga::ir::Type handle [6] -> [Some(6)]
2026-02-23T18:03:42.614795Z TRACE naga::compact: adjusting special types
2026-02-23T18:03:42.614797Z TRACE naga::compact: adjusting constant expressions
2026-02-23T18:03:42.614799Z TRACE naga::compact: adjusting constants
2026-02-23T18:03:42.614801Z TRACE naga::compact: adjusting overrides
2026-02-23T18:03:42.614803Z TRACE naga::compact::handle_set_map: adjusting naga::ir::Type handle [0] -> [Some(0)]
2026-02-23T18:03:42.614805Z TRACE naga::compact::handle_set_map: adjusting naga::ir::Type handle [0] -> [Some(0)]
2026-02-23T18:03:42.614807Z TRACE naga::compact: adjusting workgroup_size_overrides
2026-02-23T18:03:42.614809Z TRACE naga::compact: adjusting global variables
2026-02-23T18:03:42.614810Z TRACE naga::compact: retaining global variable Some("metadata_range")
2026-02-23T18:03:42.614812Z TRACE naga::compact::handle_set_map: adjusting naga::ir::Type handle [3] -> [Some(3)]
2026-02-23T18:03:42.614814Z TRACE naga::compact: retaining global variable Some("metadata")
2026-02-23T18:03:42.614816Z TRACE naga::compact::handle_set_map: adjusting naga::ir::Type handle [4] -> [Some(4)]
2026-02-23T18:03:42.614818Z TRACE naga::compact: retaining global variable Some("src")
2026-02-23T18:03:42.614820Z TRACE naga::compact::handle_set_map: adjusting naga::ir::Type handle [5] -> [Some(5)]
2026-02-23T18:03:42.614822Z TRACE naga::compact: retaining global variable Some("dst")
2026-02-23T18:03:42.614824Z TRACE naga::compact::handle_set_map: adjusting naga::ir::Type handle [5] -> [Some(5)]
2026-02-23T18:03:42.614826Z TRACE naga::compact: retaining and compacting function Some("is_bit_set")
2026-02-23T18:03:42.614828Z TRACE naga::compact::handle_set_map: adjusting naga::ir::Type handle [1] -> [Some(1)]
2026-02-23T18:03:42.614829Z TRACE naga::compact::handle_set_map: adjusting naga::ir::Type handle [1] -> [Some(1)]
2026-02-23T18:03:42.614834Z TRACE naga::compact::handle_set_map: adjusting naga::ir::Type handle [0] -> [Some(0)]
2026-02-23T18:03:42.614836Z TRACE naga::compact::handle_set_map: adjusting naga::ir::Expression handle [0] -> [Some(0)]
2026-02-23T18:03:42.614839Z TRACE naga::compact::handle_set_map: adjusting naga::ir::Expression handle [1] -> [Some(1)]
2026-02-23T18:03:42.614841Z TRACE naga::compact::handle_set_map: adjusting naga::ir::Expression handle [2] -> [Some(2)]
2026-02-23T18:03:42.614842Z TRACE naga::compact::handle_set_map: adjusting naga::ir::Expression handle [3] -> [Some(3)]
2026-02-23T18:03:42.614844Z TRACE naga::compact::handle_set_map: adjusting naga::ir::Expression handle [4] -> [Some(4)]
2026-02-23T18:03:42.614846Z TRACE naga::compact::handle_set_map: adjusting naga::ir::Expression handle [5] -> [Some(5)]
2026-02-23T18:03:42.614848Z TRACE naga::compact::handle_set_map: adjusting naga::ir::Expression handle [0] -> [Some(0)]
2026-02-23T18:03:42.614851Z TRACE naga::compact::handle_set_map: adjusting naga::ir::Expression handle [1] -> [Some(1)]
2026-02-23T18:03:42.614854Z TRACE naga::compact::handle_set_map: adjusting naga::ir::Expression handle [6] -> [Some(6)]
2026-02-23T18:03:42.614856Z TRACE naga::compact: compacting entry point Some("main")
2026-02-23T18:03:42.614857Z TRACE naga::compact::handle_set_map: adjusting naga::ir::Type handle [6] -> [Some(6)]
2026-02-23T18:03:42.614859Z TRACE naga::compact::functions: adjusting local variable Some("failed")
2026-02-23T18:03:42.614861Z TRACE naga::compact::handle_set_map: adjusting naga::ir::Type handle [0] -> [Some(0)]
2026-02-23T18:03:42.614863Z TRACE naga::compact::handle_set_map: adjusting naga::ir::Expression handle [14] -> [Some(14)]
2026-02-23T18:03:42.614865Z TRACE naga::compact::handle_set_map: adjusting naga::ir::Expression handle [0] -> [Some(0)]
2026-02-23T18:03:42.614867Z TRACE naga::compact::handle_set_map: adjusting naga::ir::GlobalVariable handle [0] -> [Some(0)]
2026-02-23T18:03:42.614869Z TRACE naga::compact::handle_set_map: adjusting naga::ir::Expression handle [2] -> [Some(2)]
2026-02-23T18:03:42.614872Z TRACE naga::compact::handle_set_map: adjusting naga::ir::Expression handle [3] -> [Some(3)]
2026-02-23T18:03:42.614874Z TRACE naga::compact::handle_set_map: adjusting naga::ir::Expression handle [1] -> [Some(1)]
2026-02-23T18:03:42.614875Z TRACE naga::compact::handle_set_map: adjusting naga::ir::Expression handle [4] -> [Some(4)]
2026-02-23T18:03:42.614877Z TRACE naga::compact::handle_set_map: adjusting naga::ir::GlobalVariable handle [1] -> [Some(1)]
2026-02-23T18:03:42.614879Z TRACE naga::compact::handle_set_map: adjusting naga::ir::GlobalVariable handle [0] -> [Some(0)]
2026-02-23T18:03:42.614881Z TRACE naga::compact::handle_set_map: adjusting naga::ir::Expression handle [7] -> [Some(7)]
2026-02-23T18:03:42.614883Z TRACE naga::compact::handle_set_map: adjusting naga::ir::Expression handle [8] -> [Some(8)]
2026-02-23T18:03:42.614885Z TRACE naga::compact::handle_set_map: adjusting naga::ir::Expression handle [0] -> [Some(0)]
2026-02-23T18:03:42.614887Z TRACE naga::compact::handle_set_map: adjusting naga::ir::Expression handle [9] -> [Some(9)]
2026-02-23T18:03:42.614889Z TRACE naga::compact::handle_set_map: adjusting naga::ir::Expression handle [10] -> [Some(10)]
2026-02-23T18:03:42.614891Z TRACE naga::compact::handle_set_map: adjusting naga::ir::Expression handle [6] -> [Some(6)]
2026-02-23T18:03:42.614893Z TRACE naga::compact::handle_set_map: adjusting naga::ir::Expression handle [11] -> [Some(11)]
2026-02-23T18:03:42.614895Z TRACE naga::compact::handle_set_map: adjusting naga::ir::Expression handle [12] -> [Some(12)]
2026-02-23T18:03:42.614897Z TRACE naga::compact::handle_set_map: adjusting naga::ir::Expression handle [13] -> [Some(13)]
2026-02-23T18:03:42.614899Z TRACE naga::compact::handle_set_map: adjusting naga::ir::Function handle [0] -> [Some(0)]
2026-02-23T18:03:42.614901Z TRACE naga::compact::handle_set_map: adjusting naga::ir::Expression handle [13] -> [Some(13)]
2026-02-23T18:03:42.614903Z TRACE naga::compact::handle_set_map: adjusting naga::ir::Expression handle [20] -> [Some(19)]
2026-02-23T18:03:42.614907Z TRACE naga::compact::handle_set_map: adjusting naga::ir::Expression handle [22] -> [Some(20)]
2026-02-23T18:03:42.614909Z TRACE naga::compact::handle_set_map: adjusting naga::ir::Expression handle [23] -> [Some(21)]
2026-02-23T18:03:42.614911Z TRACE naga::compact::handle_set_map: adjusting naga::ir::Expression handle [25] -> [Some(22)]
2026-02-23T18:03:42.614913Z TRACE naga::compact::handle_set_map: adjusting naga::ir::Expression handle [13] -> [Some(13)]
2026-02-23T18:03:42.614915Z TRACE naga::compact::handle_set_map: adjusting naga::ir::Expression handle [27] -> [Some(24)]
2026-02-23T18:03:42.614917Z TRACE naga::compact::handle_set_map: adjusting naga::ir::Expression handle [29] -> [Some(25)]
2026-02-23T18:03:42.614919Z TRACE naga::compact::handle_set_map: adjusting naga::ir::Expression handle [30] -> [Some(26)]
2026-02-23T18:03:42.614921Z TRACE naga::compact::handle_set_map: adjusting naga::ir::Expression handle [32] -> [Some(27)]
2026-02-23T18:03:42.614923Z TRACE naga::compact::handle_set_map: adjusting naga::ir::GlobalVariable handle [2] -> [Some(2)]
2026-02-23T18:03:42.614925Z TRACE naga::compact::handle_set_map: adjusting naga::ir::Expression handle [26] -> [Some(23)]
2026-02-23T18:03:42.614927Z TRACE naga::compact::handle_set_map: adjusting naga::ir::Expression handle [36] -> [Some(30)]
2026-02-23T18:03:42.614929Z TRACE naga::compact::handle_set_map: adjusting naga::ir::Expression handle [34] -> [Some(29)]
2026-02-23T18:03:42.614931Z TRACE naga::compact::handle_set_map: adjusting naga::ir::Expression handle [37] -> [Some(31)]
2026-02-23T18:03:42.614933Z TRACE naga::compact::handle_set_map: adjusting naga::ir::Expression handle [38] -> [Some(32)]
2026-02-23T18:03:42.614935Z TRACE naga::compact::handle_set_map: adjusting naga::ir::GlobalVariable handle [2] -> [Some(2)]
2026-02-23T18:03:42.614937Z TRACE naga::compact::handle_set_map: adjusting naga::ir::Expression handle [26] -> [Some(23)]
2026-02-23T18:03:42.614939Z TRACE naga::compact::handle_set_map: adjusting naga::ir::Expression handle [42] -> [Some(35)]
2026-02-23T18:03:42.614941Z TRACE naga::compact::handle_set_map: adjusting naga::ir::Expression handle [40] -> [Some(34)]
2026-02-23T18:03:42.614942Z TRACE naga::compact::handle_set_map: adjusting naga::ir::Expression handle [43] -> [Some(36)]
2026-02-23T18:03:42.614944Z TRACE naga::compact::handle_set_map: adjusting naga::ir::Expression handle [44] -> [Some(37)]
2026-02-23T18:03:42.614946Z TRACE naga::compact::handle_set_map: adjusting naga::ir::Expression handle [13] -> [Some(13)]
2026-02-23T18:03:42.614948Z TRACE naga::compact::handle_set_map: adjusting naga::ir::Function handle [0] -> [Some(0)]
2026-02-23T18:03:42.614950Z TRACE naga::compact::handle_set_map: adjusting naga::ir::Expression handle [13] -> [Some(13)]
2026-02-23T18:03:42.614952Z TRACE naga::compact::handle_set_map: adjusting naga::ir::Expression handle [50] -> [Some(42)]
2026-02-23T18:03:42.614954Z TRACE naga::compact::handle_set_map: adjusting naga::ir::Expression handle [39] -> [Some(33)]
2026-02-23T18:03:42.614956Z TRACE naga::compact::handle_set_map: adjusting naga::ir::Expression handle [49] -> [Some(41)]
2026-02-23T18:03:42.614958Z TRACE naga::compact::handle_set_map: adjusting naga::ir::Expression handle [51] -> [Some(43)]
2026-02-23T18:03:42.614960Z TRACE naga::compact::handle_set_map: adjusting naga::ir::Expression handle [52] -> [Some(44)]
2026-02-23T18:03:42.614962Z TRACE naga::compact::handle_set_map: adjusting naga::ir::Expression handle [15] -> [Some(15)]
2026-02-23T18:03:42.614964Z TRACE naga::compact::handle_set_map: adjusting naga::ir::Expression handle [54] -> [Some(46)]
2026-02-23T18:03:42.614966Z TRACE naga::compact::handle_set_map: adjusting naga::ir::Expression handle [53] -> [Some(45)]
2026-02-23T18:03:42.614967Z TRACE naga::compact::handle_set_map: adjusting naga::ir::Expression handle [13] -> [Some(13)]
2026-02-23T18:03:42.614970Z TRACE naga::compact::handle_set_map: adjusting naga::ir::Expression handle [56] -> [Some(48)]
2026-02-23T18:03:42.614971Z TRACE naga::compact::handle_set_map: adjusting naga::ir::Expression handle [39] -> [Some(33)]
2026-02-23T18:03:42.614976Z TRACE naga::compact::handle_set_map: adjusting naga::ir::Expression handle [57] -> [Some(49)]
2026-02-23T18:03:42.614978Z TRACE naga::compact::handle_set_map: adjusting naga::ir::Expression handle [45] -> [Some(38)]
2026-02-23T18:03:42.614980Z TRACE naga::compact::handle_set_map: adjusting naga::ir::Expression handle [15] -> [Some(15)]
2026-02-23T18:03:42.614981Z TRACE naga::compact::handle_set_map: adjusting naga::ir::Expression handle [59] -> [Some(51)]
2026-02-23T18:03:42.614983Z TRACE naga::compact::handle_set_map: adjusting naga::ir::Expression handle [58] -> [Some(50)]
2026-02-23T18:03:42.614985Z TRACE naga::compact::handle_set_map: adjusting naga::ir::GlobalVariable handle [2] -> [Some(2)]
2026-02-23T18:03:42.614987Z TRACE naga::compact::handle_set_map: adjusting naga::ir::Expression handle [26] -> [Some(23)]
2026-02-23T18:03:42.614989Z TRACE naga::compact::handle_set_map: adjusting naga::ir::Expression handle [63] -> [Some(54)]
2026-02-23T18:03:42.614991Z TRACE naga::compact::handle_set_map: adjusting naga::ir::Expression handle [19] -> [Some(18)]
2026-02-23T18:03:42.614993Z TRACE naga::compact::handle_set_map: adjusting naga::ir::Expression handle [64] -> [Some(55)]
2026-02-23T18:03:42.614995Z TRACE naga::compact::handle_set_map: adjusting naga::ir::Expression handle [65] -> [Some(56)]
2026-02-23T18:03:42.614997Z TRACE naga::compact::handle_set_map: adjusting naga::ir::Expression handle [61] -> [Some(53)]
2026-02-23T18:03:42.614999Z TRACE naga::compact::handle_set_map: adjusting naga::ir::Expression handle [66] -> [Some(57)]
2026-02-23T18:03:42.615001Z TRACE naga::compact::handle_set_map: adjusting naga::ir::Expression handle [67] -> [Some(58)]
2026-02-23T18:03:42.615003Z TRACE naga::compact::handle_set_map: adjusting naga::ir::GlobalVariable handle [2] -> [Some(2)]
2026-02-23T18:03:42.615005Z TRACE naga::compact::handle_set_map: adjusting naga::ir::Expression handle [26] -> [Some(23)]
2026-02-23T18:03:42.615007Z TRACE naga::compact::handle_set_map: adjusting naga::ir::Expression handle [71] -> [Some(61)]
2026-02-23T18:03:42.615009Z TRACE naga::compact::handle_set_map: adjusting naga::ir::Expression handle [69] -> [Some(60)]
2026-02-23T18:03:42.615011Z TRACE naga::compact::handle_set_map: adjusting naga::ir::Expression handle [72] -> [Some(62)]
2026-02-23T18:03:42.615013Z TRACE naga::compact::handle_set_map: adjusting naga::ir::Expression handle [73] -> [Some(63)]
2026-02-23T18:03:42.615015Z TRACE naga::compact::handle_set_map: adjusting naga::ir::Expression handle [13] -> [Some(13)]
2026-02-23T18:03:42.615017Z TRACE naga::compact::handle_set_map: adjusting naga::ir::Function handle [0] -> [Some(0)]
2026-02-23T18:03:42.615019Z TRACE naga::compact::handle_set_map: adjusting naga::ir::Expression handle [13] -> [Some(13)]
2026-02-23T18:03:42.615020Z TRACE naga::compact::handle_set_map: adjusting naga::ir::Expression handle [79] -> [Some(68)]
2026-02-23T18:03:42.615022Z TRACE naga::compact::handle_set_map: adjusting naga::ir::Expression handle [68] -> [Some(59)]
2026-02-23T18:03:42.615024Z TRACE naga::compact::handle_set_map: adjusting naga::ir::Expression handle [78] -> [Some(67)]
2026-02-23T18:03:42.615026Z TRACE naga::compact::handle_set_map: adjusting naga::ir::Expression handle [80] -> [Some(69)]
2026-02-23T18:03:42.615028Z TRACE naga::compact::handle_set_map: adjusting naga::ir::Expression handle [81] -> [Some(70)]
2026-02-23T18:03:42.615030Z TRACE naga::compact::handle_set_map: adjusting naga::ir::Expression handle [15] -> [Some(15)]
2026-02-23T18:03:42.615032Z TRACE naga::compact::handle_set_map: adjusting naga::ir::Expression handle [83] -> [Some(72)]
2026-02-23T18:03:42.615034Z TRACE naga::compact::handle_set_map: adjusting naga::ir::Expression handle [82] -> [Some(71)]
2026-02-23T18:03:42.615036Z TRACE naga::compact::handle_set_map: adjusting naga::ir::Expression handle [13] -> [Some(13)]
2026-02-23T18:03:42.615038Z TRACE naga::compact::handle_set_map: adjusting naga::ir::Expression handle [85] -> [Some(74)]
2026-02-23T18:03:42.615042Z TRACE naga::compact::handle_set_map: adjusting naga::ir::Expression handle [68] -> [Some(59)]
2026-02-23T18:03:42.615044Z TRACE naga::compact::handle_set_map: adjusting naga::ir::Expression handle [86] -> [Some(75)]
2026-02-23T18:03:42.615046Z TRACE naga::compact::handle_set_map: adjusting naga::ir::Expression handle [74] -> [Some(64)]
2026-02-23T18:03:42.615048Z TRACE naga::compact::handle_set_map: adjusting naga::ir::Expression handle [15] -> [Some(15)]
2026-02-23T18:03:42.615050Z TRACE naga::compact::handle_set_map: adjusting naga::ir::Expression handle [88] -> [Some(77)]
2026-02-23T18:03:42.615052Z TRACE naga::compact::handle_set_map: adjusting naga::ir::Expression handle [87] -> [Some(76)]
2026-02-23T18:03:42.615054Z TRACE naga::compact::handle_set_map: adjusting naga::ir::Override handle [0] -> [Some(0)]
2026-02-23T18:03:42.615056Z TRACE naga::compact::handle_set_map: adjusting naga::ir::Expression handle [90] -> [Some(79)]
2026-02-23T18:03:42.615058Z TRACE naga::compact::handle_set_map: adjusting naga::ir::Expression handle [68] -> [Some(59)]
2026-02-23T18:03:42.615060Z TRACE naga::compact::handle_set_map: adjusting naga::ir::Expression handle [92] -> [Some(81)]
2026-02-23T18:03:42.615062Z TRACE naga::compact::handle_set_map: adjusting naga::ir::Expression handle [15] -> [Some(15)]
2026-02-23T18:03:42.615064Z TRACE naga::compact::handle_set_map: adjusting naga::ir::Expression handle [94] -> [Some(83)]
2026-02-23T18:03:42.615066Z TRACE naga::compact::handle_set_map: adjusting naga::ir::Expression handle [93] -> [Some(82)]
2026-02-23T18:03:42.615068Z TRACE naga::compact::handle_set_map: adjusting naga::ir::Override handle [1] -> [Some(1)]
2026-02-23T18:03:42.615070Z TRACE naga::compact::handle_set_map: adjusting naga::ir::Expression handle [98] -> [Some(87)]
2026-02-23T18:03:42.615072Z TRACE naga::compact::handle_set_map: adjusting naga::ir::Expression handle [97] -> [Some(86)]
2026-02-23T18:03:42.615074Z TRACE naga::compact::handle_set_map: adjusting naga::ir::Expression handle [96] -> [Some(85)]
2026-02-23T18:03:42.615076Z TRACE naga::compact::handle_set_map: adjusting naga::ir::Expression handle [15] -> [Some(15)]
2026-02-23T18:03:42.615078Z TRACE naga::compact::handle_set_map: adjusting naga::ir::Override handle [1] -> [Some(1)]
2026-02-23T18:03:42.615080Z TRACE naga::compact::handle_set_map: adjusting naga::ir::GlobalVariable handle [3] -> [Some(3)]
2026-02-23T18:03:42.615082Z TRACE naga::compact::handle_set_map: adjusting naga::ir::Expression handle [33] -> [Some(28)]
2026-02-23T18:03:42.615084Z TRACE naga::compact::handle_set_map: adjusting naga::ir::Expression handle [104] -> [Some(92)]
2026-02-23T18:03:42.615086Z TRACE naga::compact::handle_set_map: adjusting naga::ir::Expression handle [102] -> [Some(91)]
2026-02-23T18:03:42.615088Z TRACE naga::compact::handle_set_map: adjusting naga::ir::Expression handle [105] -> [Some(93)]
2026-02-23T18:03:42.615089Z TRACE naga::compact::handle_set_map: adjusting naga::ir::GlobalVariable handle [3] -> [Some(3)]
2026-02-23T18:03:42.615091Z TRACE naga::compact::handle_set_map: adjusting naga::ir::Expression handle [33] -> [Some(28)]
2026-02-23T18:03:42.615093Z TRACE naga::compact::handle_set_map: adjusting naga::ir::Expression handle [110] -> [Some(97)]
2026-02-23T18:03:42.615095Z TRACE naga::compact::handle_set_map: adjusting naga::ir::Expression handle [108] -> [Some(96)]
2026-02-23T18:03:42.615097Z TRACE naga::compact::handle_set_map: adjusting naga::ir::Expression handle [111] -> [Some(98)]
2026-02-23T18:03:42.615099Z TRACE naga::compact::handle_set_map: adjusting naga::ir::GlobalVariable handle [3] -> [Some(3)]
2026-02-23T18:03:42.615101Z TRACE naga::compact::handle_set_map: adjusting naga::ir::Expression handle [33] -> [Some(28)]
2026-02-23T18:03:42.615103Z TRACE naga::compact::handle_set_map: adjusting naga::ir::Expression handle [116] -> [Some(102)]
2026-02-23T18:03:42.615105Z TRACE naga::compact::handle_set_map: adjusting naga::ir::Expression handle [114] -> [Some(101)]
2026-02-23T18:03:42.615107Z TRACE naga::compact::handle_set_map: adjusting naga::ir::Expression handle [117] -> [Some(103)]
2026-02-23T18:03:42.615112Z TRACE naga::compact::handle_set_map: adjusting naga::ir::GlobalVariable handle [3] -> [Some(3)]
2026-02-23T18:03:42.615114Z TRACE naga::compact::handle_set_map: adjusting naga::ir::Expression handle [33] -> [Some(28)]
2026-02-23T18:03:42.615116Z TRACE naga::compact::handle_set_map: adjusting naga::ir::Expression handle [99] -> [Some(88)]
2026-02-23T18:03:42.615118Z TRACE naga::compact::handle_set_map: adjusting naga::ir::Expression handle [121] -> [Some(107)]
2026-02-23T18:03:42.615120Z TRACE naga::compact::handle_set_map: adjusting naga::ir::Expression handle [123] -> [Some(108)]
2026-02-23T18:03:42.615122Z TRACE naga::compact::handle_set_map: adjusting naga::ir::Expression handle [120] -> [Some(106)]
2026-02-23T18:03:42.615124Z TRACE naga::compact::handle_set_map: adjusting naga::ir::Expression handle [124] -> [Some(109)]
2026-02-23T18:03:42.615126Z TRACE naga::compact::handle_set_map: adjusting naga::ir::GlobalVariable handle [3] -> [Some(3)]
2026-02-23T18:03:42.615128Z TRACE naga::compact::handle_set_map: adjusting naga::ir::Expression handle [33] -> [Some(28)]
2026-02-23T18:03:42.615130Z TRACE naga::compact::handle_set_map: adjusting naga::ir::Expression handle [99] -> [Some(88)]
2026-02-23T18:03:42.615132Z TRACE naga::compact::handle_set_map: adjusting naga::ir::Expression handle [128] -> [Some(113)]
2026-02-23T18:03:42.615134Z TRACE naga::compact::handle_set_map: adjusting naga::ir::Expression handle [130] -> [Some(114)]
2026-02-23T18:03:42.615136Z TRACE naga::compact::handle_set_map: adjusting naga::ir::Expression handle [127] -> [Some(112)]
2026-02-23T18:03:42.615137Z TRACE naga::compact::handle_set_map: adjusting naga::ir::Expression handle [131] -> [Some(115)]
2026-02-23T18:03:42.615139Z TRACE naga::compact::handle_set_map: adjusting naga::ir::GlobalVariable handle [3] -> [Some(3)]
2026-02-23T18:03:42.615141Z TRACE naga::compact::handle_set_map: adjusting naga::ir::Expression handle [33] -> [Some(28)]
2026-02-23T18:03:42.615143Z TRACE naga::compact::handle_set_map: adjusting naga::ir::Expression handle [99] -> [Some(88)]
2026-02-23T18:03:42.615145Z TRACE naga::compact::handle_set_map: adjusting naga::ir::Expression handle [135] -> [Some(119)]
2026-02-23T18:03:42.615147Z TRACE naga::compact::handle_set_map: adjusting naga::ir::Expression handle [137] -> [Some(120)]
2026-02-23T18:03:42.615149Z TRACE naga::compact::handle_set_map: adjusting naga::ir::Expression handle [134] -> [Some(118)]
2026-02-23T18:03:42.615151Z TRACE naga::compact::handle_set_map: adjusting naga::ir::Expression handle [138] -> [Some(121)]
2026-02-23T18:03:42.615153Z TRACE naga::compact::handle_set_map: adjusting naga::ir::GlobalVariable handle [3] -> [Some(3)]
2026-02-23T18:03:42.615155Z TRACE naga::compact::handle_set_map: adjusting naga::ir::Expression handle [33] -> [Some(28)]
2026-02-23T18:03:42.615157Z TRACE naga::compact::handle_set_map: adjusting naga::ir::Expression handle [99] -> [Some(88)]
2026-02-23T18:03:42.615159Z TRACE naga::compact::handle_set_map: adjusting naga::ir::Expression handle [142] -> [Some(125)]
2026-02-23T18:03:42.615161Z TRACE naga::compact::handle_set_map: adjusting naga::ir::Expression handle [144] -> [Some(126)]
2026-02-23T18:03:42.615163Z TRACE naga::compact::handle_set_map: adjusting naga::ir::Expression handle [141] -> [Some(124)]
2026-02-23T18:03:42.615165Z TRACE naga::compact::handle_set_map: adjusting naga::ir::Expression handle [145] -> [Some(127)]
2026-02-23T18:03:42.615167Z TRACE naga::compact::handle_set_map: adjusting naga::ir::GlobalVariable handle [3] -> [Some(3)]
2026-02-23T18:03:42.615169Z TRACE naga::compact::handle_set_map: adjusting naga::ir::Expression handle [33] -> [Some(28)]
2026-02-23T18:03:42.615171Z TRACE naga::compact::handle_set_map: adjusting naga::ir::Expression handle [99] -> [Some(88)]
2026-02-23T18:03:42.615173Z TRACE naga::compact::handle_set_map: adjusting naga::ir::Expression handle [149] -> [Some(131)]
2026-02-23T18:03:42.615174Z TRACE naga::compact::handle_set_map: adjusting naga::ir::Expression handle [151] -> [Some(132)]
2026-02-23T18:03:42.615179Z TRACE naga::compact::handle_set_map: adjusting naga::ir::Expression handle [148] -> [Some(130)]
2026-02-23T18:03:42.615181Z TRACE naga::compact::handle_set_map: adjusting naga::ir::Expression handle [152] -> [Some(133)]
2026-02-23T18:03:42.615183Z TRACE naga::compact::handle_set_map: adjusting naga::ir::Override handle [1] -> [Some(1)]
2026-02-23T18:03:42.615185Z TRACE naga::compact::handle_set_map: adjusting naga::ir::GlobalVariable handle [3] -> [Some(3)]
2026-02-23T18:03:42.615187Z TRACE naga::compact::handle_set_map: adjusting naga::ir::Expression handle [33] -> [Some(28)]
2026-02-23T18:03:42.615189Z TRACE naga::compact::handle_set_map: adjusting naga::ir::Expression handle [158] -> [Some(138)]
2026-02-23T18:03:42.615191Z TRACE naga::compact::handle_set_map: adjusting naga::ir::Expression handle [156] -> [Some(137)]
2026-02-23T18:03:42.615193Z TRACE naga::compact::handle_set_map: adjusting naga::ir::Expression handle [159] -> [Some(139)]
2026-02-23T18:03:42.615195Z TRACE naga::compact::handle_set_map: adjusting naga::ir::GlobalVariable handle [2] -> [Some(2)]
2026-02-23T18:03:42.615197Z TRACE naga::compact::handle_set_map: adjusting naga::ir::Expression handle [26] -> [Some(23)]
2026-02-23T18:03:42.615199Z TRACE naga::compact::handle_set_map: adjusting naga::ir::Expression handle [163] -> [Some(142)]
2026-02-23T18:03:42.615201Z TRACE naga::compact::handle_set_map: adjusting naga::ir::Expression handle [19] -> [Some(18)]
2026-02-23T18:03:42.615203Z TRACE naga::compact::handle_set_map: adjusting naga::ir::Expression handle [164] -> [Some(143)]
2026-02-23T18:03:42.615204Z TRACE naga::compact::handle_set_map: adjusting naga::ir::Expression handle [165] -> [Some(144)]
2026-02-23T18:03:42.615206Z TRACE naga::compact::handle_set_map: adjusting naga::ir::Expression handle [161] -> [Some(141)]
2026-02-23T18:03:42.615208Z TRACE naga::compact::handle_set_map: adjusting naga::ir::Expression handle [166] -> [Some(145)]
2026-02-23T18:03:42.615210Z TRACE naga::compact::handle_set_map: adjusting naga::ir::Expression handle [167] -> [Some(146)]
2026-02-23T18:03:42.615212Z TRACE naga::compact::handle_set_map: adjusting naga::ir::GlobalVariable handle [3] -> [Some(3)]
2026-02-23T18:03:42.615214Z TRACE naga::compact::handle_set_map: adjusting naga::ir::Expression handle [33] -> [Some(28)]
2026-02-23T18:03:42.615216Z TRACE naga::compact::handle_set_map: adjusting naga::ir::Expression handle [171] -> [Some(149)]
2026-02-23T18:03:42.615218Z TRACE naga::compact::handle_set_map: adjusting naga::ir::Expression handle [169] -> [Some(148)]
2026-02-23T18:03:42.615220Z TRACE naga::compact::handle_set_map: adjusting naga::ir::Expression handle [172] -> [Some(150)]
2026-02-23T18:03:42.615222Z TRACE naga::compact::handle_set_map: adjusting naga::ir::GlobalVariable handle [2] -> [Some(2)]
2026-02-23T18:03:42.615224Z TRACE naga::compact::handle_set_map: adjusting naga::ir::Expression handle [26] -> [Some(23)]
2026-02-23T18:03:42.615226Z TRACE naga::compact::handle_set_map: adjusting naga::ir::Expression handle [176] -> [Some(153)]
2026-02-23T18:03:42.615228Z TRACE naga::compact::handle_set_map: adjusting naga::ir::Expression handle [19] -> [Some(18)]
2026-02-23T18:03:42.615230Z TRACE naga::compact::handle_set_map: adjusting naga::ir::Expression handle [177] -> [Some(154)]
2026-02-23T18:03:42.615232Z TRACE naga::compact::handle_set_map: adjusting naga::ir::Expression handle [178] -> [Some(155)]
2026-02-23T18:03:42.615234Z TRACE naga::compact::handle_set_map: adjusting naga::ir::Expression handle [174] -> [Some(152)]
2026-02-23T18:03:42.615235Z TRACE naga::compact::handle_set_map: adjusting naga::ir::Expression handle [179] -> [Some(156)]
2026-02-23T18:03:42.615237Z TRACE naga::compact::handle_set_map: adjusting naga::ir::Expression handle [180] -> [Some(157)]
2026-02-23T18:03:42.615239Z TRACE naga::compact::handle_set_map: adjusting naga::ir::GlobalVariable handle [3] -> [Some(3)]
2026-02-23T18:03:42.615241Z TRACE naga::compact::handle_set_map: adjusting naga::ir::Expression handle [33] -> [Some(28)]
2026-02-23T18:03:42.615246Z TRACE naga::compact::handle_set_map: adjusting naga::ir::Expression handle [184] -> [Some(160)]
2026-02-23T18:03:42.615249Z TRACE naga::compact::handle_set_map: adjusting naga::ir::Expression handle [182] -> [Some(159)]
2026-02-23T18:03:42.615250Z TRACE naga::compact::handle_set_map: adjusting naga::ir::Expression handle [185] -> [Some(161)]
2026-02-23T18:03:42.615252Z TRACE naga::compact::handle_set_map: adjusting naga::ir::GlobalVariable handle [3] -> [Some(3)]
2026-02-23T18:03:42.615255Z TRACE naga::compact::handle_set_map: adjusting naga::ir::Expression handle [33] -> [Some(28)]
2026-02-23T18:03:42.615257Z TRACE naga::compact::handle_set_map: adjusting naga::ir::Expression handle [99] -> [Some(88)]
2026-02-23T18:03:42.615259Z TRACE naga::compact::handle_set_map: adjusting naga::ir::Expression handle [189] -> [Some(165)]
2026-02-23T18:03:42.615260Z TRACE naga::compact::handle_set_map: adjusting naga::ir::Expression handle [191] -> [Some(166)]
2026-02-23T18:03:42.615276Z TRACE naga::compact::handle_set_map: adjusting naga::ir::Expression handle [188] -> [Some(164)]
2026-02-23T18:03:42.615283Z TRACE naga::compact::handle_set_map: adjusting naga::ir::Expression handle [192] -> [Some(167)]
2026-02-23T18:03:42.615285Z TRACE naga::compact::handle_set_map: adjusting naga::ir::GlobalVariable handle [2] -> [Some(2)]
2026-02-23T18:03:42.615287Z TRACE naga::compact::handle_set_map: adjusting naga::ir::Expression handle [26] -> [Some(23)]
2026-02-23T18:03:42.615288Z TRACE naga::compact::handle_set_map: adjusting naga::ir::Expression handle [196] -> [Some(170)]
2026-02-23T18:03:42.615290Z TRACE naga::compact::handle_set_map: adjusting naga::ir::Expression handle [194] -> [Some(169)]
2026-02-23T18:03:42.615292Z TRACE naga::compact::handle_set_map: adjusting naga::ir::Expression handle [197] -> [Some(171)]
2026-02-23T18:03:42.615294Z TRACE naga::compact::handle_set_map: adjusting naga::ir::Expression handle [198] -> [Some(172)]
2026-02-23T18:03:42.615296Z TRACE naga::compact::handle_set_map: adjusting naga::ir::GlobalVariable handle [3] -> [Some(3)]
2026-02-23T18:03:42.615298Z TRACE naga::compact::handle_set_map: adjusting naga::ir::Expression handle [33] -> [Some(28)]
2026-02-23T18:03:42.615300Z TRACE naga::compact::handle_set_map: adjusting naga::ir::Expression handle [99] -> [Some(88)]
2026-02-23T18:03:42.615302Z TRACE naga::compact::handle_set_map: adjusting naga::ir::Expression handle [201] -> [Some(175)]
2026-02-23T18:03:42.615304Z TRACE naga::compact::handle_set_map: adjusting naga::ir::Expression handle [203] -> [Some(176)]
2026-02-23T18:03:42.615306Z TRACE naga::compact::handle_set_map: adjusting naga::ir::Expression handle [200] -> [Some(174)]
2026-02-23T18:03:42.615308Z TRACE naga::compact::handle_set_map: adjusting naga::ir::Expression handle [204] -> [Some(177)]
2026-02-23T18:03:42.615310Z TRACE naga::compact::handle_set_map: adjusting naga::ir::GlobalVariable handle [2] -> [Some(2)]
2026-02-23T18:03:42.615312Z TRACE naga::compact::handle_set_map: adjusting naga::ir::Expression handle [26] -> [Some(23)]
2026-02-23T18:03:42.615315Z TRACE naga::compact::handle_set_map: adjusting naga::ir::Expression handle [208] -> [Some(180)]
2026-02-23T18:03:42.615317Z TRACE naga::compact::handle_set_map: adjusting naga::ir::Expression handle [206] -> [Some(179)]
2026-02-23T18:03:42.615319Z TRACE naga::compact::handle_set_map: adjusting naga::ir::Expression handle [209] -> [Some(181)]
2026-02-23T18:03:42.615321Z TRACE naga::compact::handle_set_map: adjusting naga::ir::Expression handle [210] -> [Some(182)]
2026-02-23T18:03:42.615323Z TRACE naga::compact::handle_set_map: adjusting naga::ir::GlobalVariable handle [3] -> [Some(3)]
2026-02-23T18:03:42.615325Z TRACE naga::compact::handle_set_map: adjusting naga::ir::Expression handle [33] -> [Some(28)]
2026-02-23T18:03:42.615327Z TRACE naga::compact::handle_set_map: adjusting naga::ir::Expression handle [99] -> [Some(88)]
2026-02-23T18:03:42.615329Z TRACE naga::compact::handle_set_map: adjusting naga::ir::Expression handle [213] -> [Some(185)]
2026-02-23T18:03:42.615334Z TRACE naga::compact::handle_set_map: adjusting naga::ir::Expression handle [215] -> [Some(186)]
2026-02-23T18:03:42.615337Z TRACE naga::compact::handle_set_map: adjusting naga::ir::Expression handle [212] -> [Some(184)]
2026-02-23T18:03:42.615339Z TRACE naga::compact::handle_set_map: adjusting naga::ir::Expression handle [216] -> [Some(187)]
2026-02-23T18:03:42.615341Z TRACE naga::compact::handle_set_map: adjusting naga::ir::GlobalVariable handle [2] -> [Some(2)]
2026-02-23T18:03:42.615343Z TRACE naga::compact::handle_set_map: adjusting naga::ir::Expression handle [26] -> [Some(23)]
2026-02-23T18:03:42.615345Z TRACE naga::compact::handle_set_map: adjusting naga::ir::Expression handle [220] -> [Some(190)]
2026-02-23T18:03:42.615347Z TRACE naga::compact::handle_set_map: adjusting naga::ir::Expression handle [218] -> [Some(189)]
2026-02-23T18:03:42.615349Z TRACE naga::compact::handle_set_map: adjusting naga::ir::Expression handle [221] -> [Some(191)]
2026-02-23T18:03:42.615351Z TRACE naga::compact::handle_set_map: adjusting naga::ir::Expression handle [222] -> [Some(192)]
2026-02-23T18:03:42.615353Z TRACE naga::compact::handle_set_map: adjusting naga::ir::GlobalVariable handle [3] -> [Some(3)]
2026-02-23T18:03:42.615355Z TRACE naga::compact::handle_set_map: adjusting naga::ir::Expression handle [33] -> [Some(28)]
2026-02-23T18:03:42.615357Z TRACE naga::compact::handle_set_map: adjusting naga::ir::Expression handle [99] -> [Some(88)]
2026-02-23T18:03:42.615359Z TRACE naga::compact::handle_set_map: adjusting naga::ir::Expression handle [225] -> [Some(195)]
2026-02-23T18:03:42.615361Z TRACE naga::compact::handle_set_map: adjusting naga::ir::Expression handle [227] -> [Some(196)]
2026-02-23T18:03:42.615363Z TRACE naga::compact::handle_set_map: adjusting naga::ir::Expression handle [224] -> [Some(194)]
2026-02-23T18:03:42.615365Z TRACE naga::compact::handle_set_map: adjusting naga::ir::Expression handle [228] -> [Some(197)]
2026-02-23T18:03:42.615367Z TRACE naga::compact::handle_set_map: adjusting naga::ir::GlobalVariable handle [2] -> [Some(2)]
2026-02-23T18:03:42.615370Z TRACE naga::compact::handle_set_map: adjusting naga::ir::Expression handle [26] -> [Some(23)]
2026-02-23T18:03:42.615372Z TRACE naga::compact::handle_set_map: adjusting naga::ir::Expression handle [232] -> [Some(200)]
2026-02-23T18:03:42.615374Z TRACE naga::compact::handle_set_map: adjusting naga::ir::Expression handle [230] -> [Some(199)]
2026-02-23T18:03:42.615376Z TRACE naga::compact::handle_set_map: adjusting naga::ir::Expression handle [233] -> [Some(201)]
2026-02-23T18:03:42.615378Z TRACE naga::compact::handle_set_map: adjusting naga::ir::Expression handle [234] -> [Some(202)]
2026-02-23T18:03:42.615380Z TRACE naga::compact::handle_set_map: adjusting naga::ir::GlobalVariable handle [3] -> [Some(3)]
2026-02-23T18:03:42.615382Z TRACE naga::compact::handle_set_map: adjusting naga::ir::Expression handle [33] -> [Some(28)]
2026-02-23T18:03:42.615384Z TRACE naga::compact::handle_set_map: adjusting naga::ir::Expression handle [99] -> [Some(88)]
2026-02-23T18:03:42.615386Z TRACE naga::compact::handle_set_map: adjusting naga::ir::Expression handle [237] -> [Some(205)]
2026-02-23T18:03:42.615388Z TRACE naga::compact::handle_set_map: adjusting naga::ir::Expression handle [239] -> [Some(206)]
2026-02-23T18:03:42.615390Z TRACE naga::compact::handle_set_map: adjusting naga::ir::Expression handle [236] -> [Some(204)]
2026-02-23T18:03:42.615392Z TRACE naga::compact::handle_set_map: adjusting naga::ir::Expression handle [240] -> [Some(207)]
2026-02-23T18:03:42.615394Z TRACE naga::compact::handle_set_map: adjusting naga::ir::GlobalVariable handle [2] -> [Some(2)]
2026-02-23T18:03:42.615396Z TRACE naga::compact::handle_set_map: adjusting naga::ir::Expression handle [26] -> [Some(23)]
2026-02-23T18:03:42.615399Z TRACE naga::compact::handle_set_map: adjusting naga::ir::Expression handle [244] -> [Some(210)]
2026-02-23T18:03:42.615401Z TRACE naga::compact::handle_set_map: adjusting naga::ir::Expression handle [242] -> [Some(209)]
2026-02-23T18:03:42.615407Z TRACE naga::compact::handle_set_map: adjusting naga::ir::Expression handle [245] -> [Some(211)]
2026-02-23T18:03:42.615409Z TRACE naga::compact::handle_set_map: adjusting naga::ir::Expression handle [246] -> [Some(212)]
2026-02-23T18:03:42.615411Z TRACE naga::compact::handle_set_map: adjusting naga::ir::Expression handle [0] -> [Some(0)]
2026-02-23T18:03:42.615413Z TRACE naga::compact::handle_set_map: adjusting naga::ir::Expression handle [13] -> [Some(13)]
2026-02-23T18:03:42.615416Z TRACE naga::compact::handle_set_map: adjusting naga::ir::Expression handle [19] -> [Some(18)]
2026-02-23T18:03:42.615418Z TRACE naga::compact::handle_set_map: adjusting naga::ir::Expression handle [26] -> [Some(23)]
2026-02-23T18:03:42.615421Z TRACE naga::compact::handle_set_map: adjusting naga::ir::Expression handle [33] -> [Some(28)]
2026-02-23T18:03:42.615423Z TRACE naga::compact::handle_set_map: adjusting naga::ir::Expression handle [39] -> [Some(33)]
2026-02-23T18:03:42.615424Z TRACE naga::compact::handle_set_map: adjusting naga::ir::Expression handle [45] -> [Some(38)]
2026-02-23T18:03:42.615426Z TRACE naga::compact::handle_set_map: adjusting naga::ir::Expression handle [49] -> [Some(41)]
2026-02-23T18:03:42.615429Z TRACE naga::compact::handle_set_map: adjusting naga::ir::Expression handle [51] -> [Some(43)]
2026-02-23T18:03:42.615431Z TRACE naga::compact::handle_set_map: adjusting naga::ir::Expression handle [57] -> [Some(49)]
2026-02-23T18:03:42.615433Z TRACE naga::compact::handle_set_map: adjusting naga::ir::Expression handle [68] -> [Some(59)]
2026-02-23T18:03:42.615435Z TRACE naga::compact::handle_set_map: adjusting naga::ir::Expression handle [74] -> [Some(64)]
2026-02-23T18:03:42.615437Z TRACE naga::compact::handle_set_map: adjusting naga::ir::Expression handle [78] -> [Some(67)]
2026-02-23T18:03:42.615439Z TRACE naga::compact::handle_set_map: adjusting naga::ir::Expression handle [80] -> [Some(69)]
2026-02-23T18:03:42.615441Z TRACE naga::compact::handle_set_map: adjusting naga::ir::Expression handle [86] -> [Some(75)]
2026-02-23T18:03:42.615443Z TRACE naga::compact::handle_set_map: adjusting naga::ir::Expression handle [99] -> [Some(88)]
2026-02-23T18:03:42.615445Z TRACE naga::compact::handle_set_map: adjusting naga::ir::Expression handle [5] -> [Some(5)]
2026-02-23T18:03:42.615448Z TRACE naga::compact::handle_set_map: adjusting naga::ir::Function handle [0] -> [Some(0)]
2026-02-23T18:03:42.615450Z TRACE naga::compact::handle_set_map: adjusting naga::ir::Expression handle [16] -> [Some(16)]
2026-02-23T18:03:42.615452Z TRACE naga::compact::handle_set_map: adjusting naga::ir::Expression handle [18] -> [Some(17)]
2026-02-23T18:03:42.615454Z TRACE naga::compact::handle_set_map: adjusting naga::ir::Expression handle [19] -> [Some(18)]
2026-02-23T18:03:42.615457Z TRACE naga::compact::handle_set_map: adjusting naga::ir::Expression handle [91] -> [Some(80)]
2026-02-23T18:03:42.615459Z TRACE naga::compact::handle_set_map: adjusting naga::ir::Expression handle [100] -> [Some(89)]
2026-02-23T18:03:42.615461Z TRACE naga::compact::handle_set_map: adjusting naga::ir::Expression handle [155] -> [Some(136)]
2026-02-23T18:03:42.615463Z TRACE naga::compact::handle_set_map: adjusting naga::ir::Expression handle [193] -> [Some(168)]
2026-02-23T18:03:42.615465Z TRACE naga::compact::handle_set_map: adjusting naga::ir::Expression handle [199] -> [Some(173)]
2026-02-23T18:03:42.615467Z TRACE naga::compact::handle_set_map: adjusting naga::ir::Expression handle [205] -> [Some(178)]
2026-02-23T18:03:42.615469Z TRACE naga::compact::handle_set_map: adjusting naga::ir::Expression handle [211] -> [Some(183)]
2026-02-23T18:03:42.615471Z TRACE naga::compact::handle_set_map: adjusting naga::ir::Expression handle [217] -> [Some(188)]
2026-02-23T18:03:42.615473Z TRACE naga::compact::handle_set_map: adjusting naga::ir::Expression handle [223] -> [Some(193)]
2026-02-23T18:03:42.615475Z TRACE naga::compact::handle_set_map: adjusting naga::ir::Expression handle [229] -> [Some(198)]
2026-02-23T18:03:42.615478Z TRACE naga::compact::handle_set_map: adjusting naga::ir::Expression handle [235] -> [Some(203)]
2026-02-23T18:03:42.615486Z TRACE naga::compact::handle_set_map: adjusting naga::ir::Expression handle [19] -> [Some(18)]
2026-02-23T18:03:42.615488Z TRACE naga::compact::handle_set_map: adjusting naga::ir::Expression handle [241] -> [Some(208)]
2026-02-23T18:03:42.615490Z TRACE naga::compact::handle_set_map: adjusting naga::ir::Expression handle [247] -> [Some(213)]
2026-02-23T18:03:42.615493Z TRACE naga::compact::handle_set_map: adjusting naga::ir::Expression handle [160] -> [Some(140)]
2026-02-23T18:03:42.615495Z TRACE naga::compact::handle_set_map: adjusting naga::ir::Expression handle [168] -> [Some(147)]
2026-02-23T18:03:42.615497Z TRACE naga::compact::handle_set_map: adjusting naga::ir::Expression handle [173] -> [Some(151)]
2026-02-23T18:03:42.615499Z TRACE naga::compact::handle_set_map: adjusting naga::ir::Expression handle [181] -> [Some(158)]
2026-02-23T18:03:42.615501Z TRACE naga::compact::handle_set_map: adjusting naga::ir::Expression handle [186] -> [Some(162)]
2026-02-23T18:03:42.615503Z TRACE naga::compact::handle_set_map: adjusting naga::ir::Expression handle [187] -> [Some(163)]
2026-02-23T18:03:42.615505Z TRACE naga::compact::handle_set_map: adjusting naga::ir::Expression handle [101] -> [Some(90)]
2026-02-23T18:03:42.615507Z TRACE naga::compact::handle_set_map: adjusting naga::ir::Expression handle [125] -> [Some(110)]
2026-02-23T18:03:42.615509Z TRACE naga::compact::handle_set_map: adjusting naga::ir::Expression handle [126] -> [Some(111)]
2026-02-23T18:03:42.615511Z TRACE naga::compact::handle_set_map: adjusting naga::ir::Expression handle [132] -> [Some(116)]
2026-02-23T18:03:42.615513Z TRACE naga::compact::handle_set_map: adjusting naga::ir::Expression handle [133] -> [Some(117)]
2026-02-23T18:03:42.615515Z TRACE naga::compact::handle_set_map: adjusting naga::ir::Expression handle [139] -> [Some(122)]
2026-02-23T18:03:42.615517Z TRACE naga::compact::handle_set_map: adjusting naga::ir::Expression handle [140] -> [Some(123)]
2026-02-23T18:03:42.615519Z TRACE naga::compact::handle_set_map: adjusting naga::ir::Expression handle [146] -> [Some(128)]
2026-02-23T18:03:42.615521Z TRACE naga::compact::handle_set_map: adjusting naga::ir::Expression handle [147] -> [Some(129)]
2026-02-23T18:03:42.615523Z TRACE naga::compact::handle_set_map: adjusting naga::ir::Expression handle [19] -> [Some(18)]
2026-02-23T18:03:42.615525Z TRACE naga::compact::handle_set_map: adjusting naga::ir::Expression handle [153] -> [Some(134)]
2026-02-23T18:03:42.615527Z TRACE naga::compact::handle_set_map: adjusting naga::ir::Expression handle [154] -> [Some(135)]
2026-02-23T18:03:42.615529Z TRACE naga::compact::handle_set_map: adjusting naga::ir::Expression handle [106] -> [Some(94)]
2026-02-23T18:03:42.615531Z TRACE naga::compact::handle_set_map: adjusting naga::ir::Expression handle [107] -> [Some(95)]
2026-02-23T18:03:42.615533Z TRACE naga::compact::handle_set_map: adjusting naga::ir::Expression handle [112] -> [Some(99)]
2026-02-23T18:03:42.615535Z TRACE naga::compact::handle_set_map: adjusting naga::ir::Expression handle [113] -> [Some(100)]
2026-02-23T18:03:42.615537Z TRACE naga::compact::handle_set_map: adjusting naga::ir::Expression handle [118] -> [Some(104)]
2026-02-23T18:03:42.615539Z TRACE naga::compact::handle_set_map: adjusting naga::ir::Expression handle [119] -> [Some(105)]
2026-02-23T18:03:42.615541Z TRACE naga::compact::handle_set_map: adjusting naga::ir::Expression handle [15] -> [Some(15)]
2026-02-23T18:03:42.615543Z TRACE naga::compact::handle_set_map: adjusting naga::ir::Expression handle [95] -> [Some(84)]
2026-02-23T18:03:42.615545Z TRACE naga::compact::handle_set_map: adjusting naga::ir::Function handle [0] -> [Some(0)]
2026-02-23T18:03:42.615547Z TRACE naga::compact::handle_set_map: adjusting naga::ir::Expression handle [75] -> [Some(65)]
2026-02-23T18:03:42.615549Z TRACE naga::compact::handle_set_map: adjusting naga::ir::Expression handle [77] -> [Some(66)]
2026-02-23T18:03:42.615551Z TRACE naga::compact::handle_set_map: adjusting naga::ir::Expression handle [78] -> [Some(67)]
2026-02-23T18:03:42.615556Z TRACE naga::compact::handle_set_map: adjusting naga::ir::Expression handle [15] -> [Some(15)]
2026-02-23T18:03:42.615559Z TRACE naga::compact::handle_set_map: adjusting naga::ir::Expression handle [84] -> [Some(73)]
2026-02-23T18:03:42.615561Z TRACE naga::compact::handle_set_map: adjusting naga::ir::Expression handle [15] -> [Some(15)]
2026-02-23T18:03:42.615563Z TRACE naga::compact::handle_set_map: adjusting naga::ir::Expression handle [89] -> [Some(78)]
2026-02-23T18:03:42.615565Z TRACE naga::compact::handle_set_map: adjusting naga::ir::Function handle [0] -> [Some(0)]
2026-02-23T18:03:42.615567Z TRACE naga::compact::handle_set_map: adjusting naga::ir::Expression handle [46] -> [Some(39)]
2026-02-23T18:03:42.615569Z TRACE naga::compact::handle_set_map: adjusting naga::ir::Expression handle [48] -> [Some(40)]
2026-02-23T18:03:42.615571Z TRACE naga::compact::handle_set_map: adjusting naga::ir::Expression handle [49] -> [Some(41)]
2026-02-23T18:03:42.615572Z TRACE naga::compact::handle_set_map: adjusting naga::ir::Expression handle [15] -> [Some(15)]
2026-02-23T18:03:42.615575Z TRACE naga::compact::handle_set_map: adjusting naga::ir::Expression handle [55] -> [Some(47)]
2026-02-23T18:03:42.615577Z TRACE naga::compact::handle_set_map: adjusting naga::ir::Expression handle [15] -> [Some(15)]
2026-02-23T18:03:42.615578Z TRACE naga::compact::handle_set_map: adjusting naga::ir::Expression handle [60] -> [Some(52)]
2026-02-23T18:03:42.615594Z DEBUG naga::valid::interface: var GlobalVariable { name: Some("metadata_range"), space: PushConstant, binding: None, ty: [3], init: None }
2026-02-23T18:03:42.615598Z DEBUG naga::valid::interface: var GlobalVariable { name: Some("metadata"), space: Storage { access: StorageAccess(LOAD) }, binding: Some(ResourceBinding { group: 0, binding: 0 }), ty: [4], init: None }
2026-02-23T18:03:42.615601Z DEBUG naga::valid::interface: var GlobalVariable { name: Some("src"), space: Storage { access: StorageAccess(LOAD) }, binding: Some(ResourceBinding { group: 1, binding: 0 }), ty: [5], init: None }
2026-02-23T18:03:42.615604Z DEBUG naga::valid::interface: var GlobalVariable { name: Some("dst"), space: Storage { access: StorageAccess(LOAD | STORE) }, binding: Some(ResourceBinding { group: 2, binding: 0 }), ty: [5], init: None }
2026-02-23T18:03:42.615627Z DEBUG naga::valid::function: var LocalVariable { name: Some("failed"), ty: [0], init: Some([14]) }
2026-02-23T18:03:42.615675Z TRACE naga::compact: tracing entry points
2026-02-23T18:03:42.615699Z TRACE naga::compact: tracing entry point Some("main")
2026-02-23T18:03:42.615708Z TRACE naga::compact::expressions: entering trace_expression of function expressions
2026-02-23T18:03:42.615711Z TRACE naga::compact::expressions: tracing new expression Load { pointer: [212] }
2026-02-23T18:03:42.615713Z TRACE naga::compact::expressions: tracing new expression Access { base: [209], index: [211] }
2026-02-23T18:03:42.615715Z TRACE naga::compact::expressions: tracing new expression Binary { op: Add, left: [23], right: [210] }
2026-02-23T18:03:42.615717Z TRACE naga::compact::expressions: tracing new expression Literal(U32(4))
2026-02-23T18:03:42.615719Z TRACE naga::compact::expressions: tracing new expression GlobalVariable([2])
2026-02-23T18:03:42.615721Z TRACE naga::compact::expressions: tracing new expression Access { base: [204], index: [207] }
2026-02-23T18:03:42.615723Z TRACE naga::compact::expressions: tracing new expression Binary { op: Add, left: [205], right: [206] }
2026-02-23T18:03:42.615725Z TRACE naga::compact::expressions: tracing new expression Literal(U32(4))
2026-02-23T18:03:42.615727Z TRACE naga::compact::expressions: tracing new expression Binary { op: Add, left: [28], right: [88] }
2026-02-23T18:03:42.615729Z TRACE naga::compact::expressions: tracing new expression GlobalVariable([3])
2026-02-23T18:03:42.615731Z TRACE naga::compact::expressions: tracing new expression Load { pointer: [202] }
2026-02-23T18:03:42.615733Z TRACE naga::compact::expressions: tracing new expression Access { base: [199], index: [201] }
2026-02-23T18:03:42.615740Z TRACE naga::compact::expressions: tracing new expression Binary { op: Add, left: [23], right: [200] }
2026-02-23T18:03:42.615743Z TRACE naga::compact::expressions: tracing new expression Literal(U32(3))
2026-02-23T18:03:42.615745Z TRACE naga::compact::expressions: tracing new expression GlobalVariable([2])
2026-02-23T18:03:42.615747Z TRACE naga::compact::expressions: tracing new expression Access { base: [194], index: [197] }
2026-02-23T18:03:42.615749Z TRACE naga::compact::expressions: tracing new expression Binary { op: Add, left: [195], right: [196] }
2026-02-23T18:03:42.615751Z TRACE naga::compact::expressions: tracing new expression Literal(U32(3))
2026-02-23T18:03:42.615753Z TRACE naga::compact::expressions: tracing new expression Binary { op: Add, left: [28], right: [88] }
2026-02-23T18:03:42.615755Z TRACE naga::compact::expressions: tracing new expression GlobalVariable([3])
2026-02-23T18:03:42.615756Z TRACE naga::compact::expressions: tracing new expression Load { pointer: [192] }
2026-02-23T18:03:42.615758Z TRACE naga::compact::expressions: tracing new expression Access { base: [189], index: [191] }
2026-02-23T18:03:42.615760Z TRACE naga::compact::expressions: tracing new expression Binary { op: Add, left: [23], right: [190] }
2026-02-23T18:03:42.615763Z TRACE naga::compact::expressions: tracing new expression Literal(U32(2))
2026-02-23T18:03:42.615764Z TRACE naga::compact::expressions: tracing new expression GlobalVariable([2])
2026-02-23T18:03:42.615766Z TRACE naga::compact::expressions: tracing new expression Access { base: [184], index: [187] }
2026-02-23T18:03:42.615768Z TRACE naga::compact::expressions: tracing new expression Binary { op: Add, left: [185], right: [186] }
2026-02-23T18:03:42.615770Z TRACE naga::compact::expressions: tracing new expression Literal(U32(2))
2026-02-23T18:03:42.615772Z TRACE naga::compact::expressions: tracing new expression Binary { op: Add, left: [28], right: [88] }
2026-02-23T18:03:42.615774Z TRACE naga::compact::expressions: tracing new expression GlobalVariable([3])
2026-02-23T18:03:42.615776Z TRACE naga::compact::expressions: tracing new expression Load { pointer: [182] }
2026-02-23T18:03:42.615778Z TRACE naga::compact::expressions: tracing new expression Access { base: [179], index: [181] }
2026-02-23T18:03:42.615780Z TRACE naga::compact::expressions: tracing new expression Binary { op: Add, left: [23], right: [180] }
2026-02-23T18:03:42.615782Z TRACE naga::compact::expressions: tracing new expression Literal(U32(1))
2026-02-23T18:03:42.615784Z TRACE naga::compact::expressions: tracing new expression GlobalVariable([2])
2026-02-23T18:03:42.615786Z TRACE naga::compact::expressions: tracing new expression Access { base: [174], index: [177] }
2026-02-23T18:03:42.615788Z TRACE naga::compact::expressions: tracing new expression Binary { op: Add, left: [175], right: [176] }
2026-02-23T18:03:42.615790Z TRACE naga::compact::expressions: tracing new expression Literal(U32(1))
2026-02-23T18:03:42.615792Z TRACE naga::compact::expressions: tracing new expression Binary { op: Add, left: [28], right: [88] }
2026-02-23T18:03:42.615794Z TRACE naga::compact::expressions: tracing new expression GlobalVariable([3])
2026-02-23T18:03:42.615796Z TRACE naga::compact::expressions: tracing new expression Load { pointer: [172] }
2026-02-23T18:03:42.615798Z TRACE naga::compact::expressions: tracing new expression Access { base: [169], index: [171] }
2026-02-23T18:03:42.615800Z TRACE naga::compact::expressions: tracing new expression Binary { op: Add, left: [23], right: [170] }
2026-02-23T18:03:42.615802Z TRACE naga::compact::expressions: tracing new expression Literal(U32(0))
2026-02-23T18:03:42.615804Z TRACE naga::compact::expressions: tracing new expression GlobalVariable([2])
2026-02-23T18:03:42.615806Z TRACE naga::compact::expressions: tracing new expression Access { base: [164], index: [167] }
2026-02-23T18:03:42.615808Z TRACE naga::compact::expressions: tracing new expression Binary { op: Add, left: [165], right: [166] }
2026-02-23T18:03:42.615812Z TRACE naga::compact::expressions: tracing new expression Literal(U32(0))
2026-02-23T18:03:42.615815Z TRACE naga::compact::expressions: tracing new expression Binary { op: Add, left: [28], right: [88] }
2026-02-23T18:03:42.615817Z TRACE naga::compact::expressions: tracing new expression GlobalVariable([3])
2026-02-23T18:03:42.615819Z TRACE naga::compact::expressions: tracing new expression Literal(U32(0))
2026-02-23T18:03:42.615821Z TRACE naga::compact::expressions: tracing new expression Access { base: [159], index: [161] }
2026-02-23T18:03:42.615823Z TRACE naga::compact::expressions: tracing new expression Binary { op: Add, left: [28], right: [160] }
2026-02-23T18:03:42.615825Z TRACE naga::compact::expressions: tracing new expression Literal(U32(2))
2026-02-23T18:03:42.615827Z TRACE naga::compact::expressions: tracing new expression GlobalVariable([3])
2026-02-23T18:03:42.615829Z TRACE naga::compact::expressions: tracing new expression Load { pointer: [157] }
2026-02-23T18:03:42.615831Z TRACE naga::compact::expressions: tracing new expression Access { base: [152], index: [156] }
2026-02-23T18:03:42.615833Z TRACE naga::compact::expressions: tracing new expression Binary { op: Add, left: [154], right: [155] }
2026-02-23T18:03:42.615835Z TRACE naga::compact::expressions: tracing new expression As { expr: [18], kind: Uint, convert: Some(4) }
2026-02-23T18:03:42.615837Z TRACE naga::compact::expressions: tracing new expression Binary { op: Add, left: [23], right: [153] }
2026-02-23T18:03:42.615840Z TRACE naga::compact::expressions: tracing new expression Literal(U32(3))
2026-02-23T18:03:42.615842Z TRACE naga::compact::expressions: tracing new expression GlobalVariable([2])
2026-02-23T18:03:42.615844Z TRACE naga::compact::expressions: tracing new expression Access { base: [148], index: [150] }
2026-02-23T18:03:42.615846Z TRACE naga::compact::expressions: tracing new expression Binary { op: Add, left: [28], right: [149] }
2026-02-23T18:03:42.615848Z TRACE naga::compact::expressions: tracing new expression Literal(U32(1))
2026-02-23T18:03:42.615850Z TRACE naga::compact::expressions: tracing new expression GlobalVariable([3])
2026-02-23T18:03:42.615852Z TRACE naga::compact::expressions: tracing new expression Load { pointer: [146] }
2026-02-23T18:03:42.615854Z TRACE naga::compact::expressions: tracing new expression Access { base: [141], index: [145] }
2026-02-23T18:03:42.615857Z TRACE naga::compact::expressions: tracing new expression Binary { op: Add, left: [143], right: [144] }
2026-02-23T18:03:42.615859Z TRACE naga::compact::expressions: tracing new expression As { expr: [18], kind: Uint, convert: Some(4) }
2026-02-23T18:03:42.615861Z TRACE naga::compact::expressions: tracing new expression Binary { op: Add, left: [23], right: [142] }
2026-02-23T18:03:42.615863Z TRACE naga::compact::expressions: tracing new expression Literal(U32(2))
2026-02-23T18:03:42.615865Z TRACE naga::compact::expressions: tracing new expression GlobalVariable([2])
2026-02-23T18:03:42.615867Z TRACE naga::compact::expressions: tracing new expression Access { base: [137], index: [139] }
2026-02-23T18:03:42.615869Z TRACE naga::compact::expressions: tracing new expression Binary { op: Add, left: [28], right: [138] }
2026-02-23T18:03:42.615872Z TRACE naga::compact::expressions: tracing new expression Literal(U32(0))
2026-02-23T18:03:42.615874Z TRACE naga::compact::expressions: tracing new expression GlobalVariable([3])
2026-02-23T18:03:42.615876Z TRACE naga::compact::expressions: tracing new expression Override([1])
2026-02-23T18:03:42.615878Z TRACE naga::compact::expressions: tracing new expression Literal(U32(0))
2026-02-23T18:03:42.615880Z TRACE naga::compact::expressions: tracing new expression Access { base: [130], index: [133] }
2026-02-23T18:03:42.615882Z TRACE naga::compact::expressions: tracing new expression Binary { op: Add, left: [131], right: [132] }
2026-02-23T18:03:42.615884Z TRACE naga::compact::expressions: tracing new expression Literal(U32(4))
2026-02-23T18:03:42.615886Z TRACE naga::compact::expressions: tracing new expression Binary { op: Add, left: [28], right: [88] }
2026-02-23T18:03:42.615891Z TRACE naga::compact::expressions: tracing new expression GlobalVariable([3])
2026-02-23T18:03:42.615893Z TRACE naga::compact::expressions: tracing new expression Literal(U32(0))
2026-02-23T18:03:42.615895Z TRACE naga::compact::expressions: tracing new expression Access { base: [124], index: [127] }
2026-02-23T18:03:42.615897Z TRACE naga::compact::expressions: tracing new expression Binary { op: Add, left: [125], right: [126] }
2026-02-23T18:03:42.615899Z TRACE naga::compact::expressions: tracing new expression Literal(U32(3))
2026-02-23T18:03:42.615901Z TRACE naga::compact::expressions: tracing new expression Binary { op: Add, left: [28], right: [88] }
2026-02-23T18:03:42.615903Z TRACE naga::compact::expressions: tracing new expression GlobalVariable([3])
2026-02-23T18:03:42.615905Z TRACE naga::compact::expressions: tracing new expression Literal(U32(0))
2026-02-23T18:03:42.615907Z TRACE naga::compact::expressions: tracing new expression Access { base: [118], index: [121] }
2026-02-23T18:03:42.615909Z TRACE naga::compact::expressions: tracing new expression Binary { op: Add, left: [119], right: [120] }
2026-02-23T18:03:42.615911Z TRACE naga::compact::expressions: tracing new expression Literal(U32(2))
2026-02-23T18:03:42.615913Z TRACE naga::compact::expressions: tracing new expression Binary { op: Add, left: [28], right: [88] }
2026-02-23T18:03:42.615916Z TRACE naga::compact::expressions: tracing new expression GlobalVariable([3])
2026-02-23T18:03:42.615918Z TRACE naga::compact::expressions: tracing new expression Literal(U32(0))
2026-02-23T18:03:42.615919Z TRACE naga::compact::expressions: tracing new expression Access { base: [112], index: [115] }
2026-02-23T18:03:42.615921Z TRACE naga::compact::expressions: tracing new expression Binary { op: Add, left: [113], right: [114] }
2026-02-23T18:03:42.615924Z TRACE naga::compact::expressions: tracing new expression Literal(U32(1))
2026-02-23T18:03:42.615925Z TRACE naga::compact::expressions: tracing new expression Binary { op: Add, left: [28], right: [88] }
2026-02-23T18:03:42.615927Z TRACE naga::compact::expressions: tracing new expression GlobalVariable([3])
2026-02-23T18:03:42.615929Z TRACE naga::compact::expressions: tracing new expression Literal(U32(0))
2026-02-23T18:03:42.615932Z TRACE naga::compact::expressions: tracing new expression Access { base: [106], index: [109] }
2026-02-23T18:03:42.615933Z TRACE naga::compact::expressions: tracing new expression Binary { op: Add, left: [107], right: [108] }
2026-02-23T18:03:42.615936Z TRACE naga::compact::expressions: tracing new expression Literal(U32(0))
2026-02-23T18:03:42.615938Z TRACE naga::compact::expressions: tracing new expression Binary { op: Add, left: [28], right: [88] }
2026-02-23T18:03:42.615940Z TRACE naga::compact::expressions: tracing new expression GlobalVariable([3])
2026-02-23T18:03:42.615942Z TRACE naga::compact::expressions: tracing new expression Literal(U32(0))
2026-02-23T18:03:42.615943Z TRACE naga::compact::expressions: tracing new expression Access { base: [101], index: [103] }
2026-02-23T18:03:42.615945Z TRACE naga::compact::expressions: tracing new expression Binary { op: Add, left: [28], right: [102] }
2026-02-23T18:03:42.615948Z TRACE naga::compact::expressions: tracing new expression Literal(U32(2))
2026-02-23T18:03:42.615950Z TRACE naga::compact::expressions: tracing new expression GlobalVariable([3])
2026-02-23T18:03:42.615951Z TRACE naga::compact::expressions: tracing new expression Literal(U32(0))
2026-02-23T18:03:42.615953Z TRACE naga::compact::expressions: tracing new expression Access { base: [96], index: [98] }
2026-02-23T18:03:42.615955Z TRACE naga::compact::expressions: tracing new expression Binary { op: Add, left: [28], right: [97] }
2026-02-23T18:03:42.615958Z TRACE naga::compact::expressions: tracing new expression Literal(U32(1))
2026-02-23T18:03:42.615959Z TRACE naga::compact::expressions: tracing new expression GlobalVariable([3])
2026-02-23T18:03:42.615961Z TRACE naga::compact::expressions: tracing new expression Literal(U32(0))
2026-02-23T18:03:42.615966Z TRACE naga::compact::expressions: tracing new expression Access { base: [91], index: [93] }
2026-02-23T18:03:42.615968Z TRACE naga::compact::expressions: tracing new expression Binary { op: Add, left: [28], right: [92] }
2026-02-23T18:03:42.615970Z TRACE naga::compact::expressions: tracing new expression Literal(U32(0))
2026-02-23T18:03:42.615972Z TRACE naga::compact::expressions: tracing new expression GlobalVariable([3])
2026-02-23T18:03:42.615974Z TRACE naga::compact::expressions: tracing new expression Override([1])
2026-02-23T18:03:42.615976Z TRACE naga::compact::expressions: tracing new expression Load { pointer: [15] }
2026-02-23T18:03:42.615978Z TRACE naga::compact::expressions: tracing new expression Select { condition: [87], accept: [86], reject: [85] }
2026-02-23T18:03:42.615980Z TRACE naga::compact::expressions: tracing new expression Override([1])
2026-02-23T18:03:42.615982Z TRACE naga::compact::expressions: tracing new expression Literal(U32(3))
2026-02-23T18:03:42.615984Z TRACE naga::compact::expressions: tracing new expression Literal(U32(0))
2026-02-23T18:03:42.615986Z TRACE naga::compact::expressions: tracing new expression Binary { op: InclusiveOr, left: [83], right: [82] }
2026-02-23T18:03:42.615988Z TRACE naga::compact::expressions: tracing new expression Load { pointer: [15] }
2026-02-23T18:03:42.615990Z TRACE naga::compact::expressions: tracing new expression Binary { op: NotEqual, left: [59], right: [81] }
2026-02-23T18:03:42.615992Z TRACE naga::compact::expressions: tracing new expression Literal(U32(0))
2026-02-23T18:03:42.615994Z TRACE naga::compact::expressions: tracing new expression Unary { op: LogicalNot, expr: [79] }
2026-02-23T18:03:42.615996Z TRACE naga::compact::expressions: tracing new expression Override([0])
2026-02-23T18:03:42.615998Z TRACE naga::compact::expressions: tracing new expression Binary { op: InclusiveOr, left: [77], right: [76] }
2026-02-23T18:03:42.616000Z TRACE naga::compact::expressions: tracing new expression Load { pointer: [15] }
2026-02-23T18:03:42.616002Z TRACE naga::compact::expressions: tracing new expression Binary { op: Less, left: [75], right: [64] }
2026-02-23T18:03:42.616004Z TRACE naga::compact::expressions: tracing new expression Binary { op: Subtract, left: [74], right: [59] }
2026-02-23T18:03:42.616006Z TRACE naga::compact::expressions: tracing new expression AccessIndex { base: [13], index: 3 }
2026-02-23T18:03:42.616008Z TRACE naga::compact::expressions: tracing new expression Binary { op: InclusiveOr, left: [72], right: [71] }
2026-02-23T18:03:42.616010Z TRACE naga::compact::expressions: tracing new expression Load { pointer: [15] }
2026-02-23T18:03:42.616013Z TRACE naga::compact::expressions: tracing new expression Binary { op: LogicalAnd, left: [69], right: [70] }
2026-02-23T18:03:42.616015Z TRACE naga::compact::expressions: tracing new expression Unary { op: LogicalNot, expr: [67] }
2026-02-23T18:03:42.616017Z TRACE naga::compact::expressions: tracing new expression Binary { op: Less, left: [68], right: [59] }
2026-02-23T18:03:42.616019Z TRACE naga::compact::expressions: tracing new expression AccessIndex { base: [13], index: 3 }
2026-02-23T18:03:42.616021Z TRACE naga::compact::expressions: tracing new expression CallResult([0])
2026-02-23T18:03:42.616023Z TRACE naga::compact::expressions: tracing new expression Literal(U32(31))
2026-02-23T18:03:42.616024Z TRACE naga::compact::expressions: tracing new expression AccessIndex { base: [13], index: 1 }
2026-02-23T18:03:42.616026Z TRACE naga::compact::expressions: tracing new expression Load { pointer: [63] }
2026-02-23T18:03:42.616028Z TRACE naga::compact::expressions: tracing new expression Access { base: [60], index: [62] }
2026-02-23T18:03:42.616031Z TRACE naga::compact::expressions: tracing new expression Binary { op: Add, left: [23], right: [61] }
2026-02-23T18:03:42.616033Z TRACE naga::compact::expressions: tracing new expression Literal(U32(1))
2026-02-23T18:03:42.616035Z TRACE naga::compact::expressions: tracing new expression GlobalVariable([2])
2026-02-23T18:03:42.616040Z TRACE naga::compact::expressions: tracing new expression Load { pointer: [58] }
2026-02-23T18:03:42.616042Z TRACE naga::compact::expressions: tracing new expression Access { base: [53], index: [57] }
2026-02-23T18:03:42.616044Z TRACE naga::compact::expressions: tracing new expression Binary { op: Add, left: [55], right: [56] }
2026-02-23T18:03:42.616046Z TRACE naga::compact::expressions: tracing new expression As { expr: [18], kind: Uint, convert: Some(4) }
2026-02-23T18:03:42.616049Z TRACE naga::compact::expressions: tracing new expression Binary { op: Add, left: [23], right: [54] }
2026-02-23T18:03:42.616051Z TRACE naga::compact::expressions: tracing new expression Literal(U32(3))
2026-02-23T18:03:42.616053Z TRACE naga::compact::expressions: tracing new expression GlobalVariable([2])
2026-02-23T18:03:42.616054Z TRACE naga::compact::expressions: tracing new expression Binary { op: InclusiveOr, left: [51], right: [50] }
2026-02-23T18:03:42.616057Z TRACE naga::compact::expressions: tracing new expression Load { pointer: [15] }
2026-02-23T18:03:42.616058Z TRACE naga::compact::expressions: tracing new expression Binary { op: Less, left: [49], right: [38] }
2026-02-23T18:03:42.616061Z TRACE naga::compact::expressions: tracing new expression Binary { op: Subtract, left: [48], right: [33] }
2026-02-23T18:03:42.616063Z TRACE naga::compact::expressions: tracing new expression AccessIndex { base: [13], index: 2 }
2026-02-23T18:03:42.616065Z TRACE naga::compact::expressions: tracing new expression Binary { op: InclusiveOr, left: [46], right: [45] }
2026-02-23T18:03:42.616067Z TRACE naga::compact::expressions: tracing new expression Load { pointer: [15] }
2026-02-23T18:03:42.616069Z TRACE naga::compact::expressions: tracing new expression Binary { op: LogicalAnd, left: [43], right: [44] }
2026-02-23T18:03:42.616071Z TRACE naga::compact::expressions: tracing new expression Unary { op: LogicalNot, expr: [41] }
2026-02-23T18:03:42.616073Z TRACE naga::compact::expressions: tracing new expression Binary { op: Less, left: [42], right: [33] }
2026-02-23T18:03:42.616075Z TRACE naga::compact::expressions: tracing new expression AccessIndex { base: [13], index: 2 }
2026-02-23T18:03:42.616077Z TRACE naga::compact::expressions: tracing new expression CallResult([0])
2026-02-23T18:03:42.616079Z TRACE naga::compact::expressions: tracing new expression Literal(U32(30))
2026-02-23T18:03:42.616081Z TRACE naga::compact::expressions: tracing new expression AccessIndex { base: [13], index: 1 }
2026-02-23T18:03:42.616083Z TRACE naga::compact::expressions: tracing new expression Load { pointer: [37] }
2026-02-23T18:03:42.616085Z TRACE naga::compact::expressions: tracing new expression Access { base: [34], index: [36] }
2026-02-23T18:03:42.616087Z TRACE naga::compact::expressions: tracing new expression Binary { op: Add, left: [23], right: [35] }
2026-02-23T18:03:42.616089Z TRACE naga::compact::expressions: tracing new expression Literal(U32(0))
2026-02-23T18:03:42.616091Z TRACE naga::compact::expressions: tracing new expression GlobalVariable([2])
2026-02-23T18:03:42.616093Z TRACE naga::compact::expressions: tracing new expression Load { pointer: [32] }
2026-02-23T18:03:42.616095Z TRACE naga::compact::expressions: tracing new expression Access { base: [29], index: [31] }
2026-02-23T18:03:42.616097Z TRACE naga::compact::expressions: tracing new expression Binary { op: Add, left: [23], right: [30] }
2026-02-23T18:03:42.616099Z TRACE naga::compact::expressions: tracing new expression Literal(U32(2))
2026-02-23T18:03:42.616101Z TRACE naga::compact::expressions: tracing new expression GlobalVariable([2])
2026-02-23T18:03:42.616103Z TRACE naga::compact::expressions: tracing new expression Binary { op: ShiftRight, left: [26], right: [27] }
2026-02-23T18:03:42.616105Z TRACE naga::compact::expressions: tracing new expression Literal(U32(2))
2026-02-23T18:03:42.616107Z TRACE naga::compact::expressions: tracing new expression Binary { op: ShiftLeft, left: [24], right: [25] }
2026-02-23T18:03:42.616109Z TRACE naga::compact::expressions: tracing new expression Literal(U32(2))
2026-02-23T18:03:42.616114Z TRACE naga::compact::expressions: tracing new expression AccessIndex { base: [13], index: 1 }
2026-02-23T18:03:42.616116Z TRACE naga::compact::expressions: tracing new expression Binary { op: ShiftRight, left: [21], right: [22] }
2026-02-23T18:03:42.616118Z TRACE naga::compact::expressions: tracing new expression Literal(U32(2))
2026-02-23T18:03:42.616120Z TRACE naga::compact::expressions: tracing new expression Binary { op: ShiftLeft, left: [19], right: [20] }
2026-02-23T18:03:42.616122Z TRACE naga::compact::expressions: tracing new expression Literal(U32(2))
2026-02-23T18:03:42.616125Z TRACE naga::compact::expressions: tracing new expression AccessIndex { base: [13], index: 0 }
2026-02-23T18:03:42.616127Z TRACE naga::compact::expressions: tracing new expression CallResult([0])
2026-02-23T18:03:42.616129Z TRACE naga::compact::expressions: tracing new expression Literal(U32(31))
2026-02-23T18:03:42.616131Z TRACE naga::compact::expressions: tracing new expression AccessIndex { base: [13], index: 0 }
2026-02-23T18:03:42.616133Z TRACE naga::compact::expressions: tracing new expression LocalVariable([0])
2026-02-23T18:03:42.616135Z TRACE naga::compact::expressions: tracing new expression Literal(Bool(false))
2026-02-23T18:03:42.616137Z TRACE naga::compact::expressions: tracing new expression Load { pointer: [12] }
2026-02-23T18:03:42.616139Z TRACE naga::compact::expressions: tracing new expression Access { base: [6], index: [11] }
2026-02-23T18:03:42.616141Z TRACE naga::compact::expressions: tracing new expression Binary { op: Add, left: [9], right: [10] }
2026-02-23T18:03:42.616143Z TRACE naga::compact::expressions: tracing new expression AccessIndex { base: [0], index: 0 }
2026-02-23T18:03:42.616145Z TRACE naga::compact::expressions: tracing new expression Load { pointer: [8] }
2026-02-23T18:03:42.616147Z TRACE naga::compact::expressions: tracing new expression AccessIndex { base: [7], index: 0 }
2026-02-23T18:03:42.616149Z TRACE naga::compact::expressions: tracing new expression GlobalVariable([0])
2026-02-23T18:03:42.616151Z TRACE naga::compact::expressions: tracing new expression GlobalVariable([1])
2026-02-23T18:03:42.616153Z TRACE naga::compact::expressions: tracing new expression Binary { op: GreaterEqual, left: [1], right: [4] }
2026-02-23T18:03:42.616155Z TRACE naga::compact::expressions: tracing new expression Load { pointer: [3] }
2026-02-23T18:03:42.616158Z TRACE naga::compact::expressions: tracing new expression AccessIndex { base: [2], index: 1 }
2026-02-23T18:03:42.616160Z TRACE naga::compact::expressions: tracing new expression GlobalVariable([0])
2026-02-23T18:03:42.616162Z TRACE naga::compact::expressions: tracing new expression AccessIndex { base: [0], index: 0 }
2026-02-23T18:03:42.616164Z TRACE naga::compact::expressions: tracing new expression FunctionArgument(0)
2026-02-23T18:03:42.616168Z TRACE naga::compact: tracing functions
2026-02-23T18:03:42.616170Z TRACE naga::compact: tracing function Function { name: Some("is_bit_set"), arguments: [FunctionArgument { name: Some("data"), ty: [1], binding: None }, FunctionArgument { name: Some("index"), ty: [1], binding: None }], result: Some(FunctionResult { ty: [0], binding: None }), local_variables: {}, expressions: {[0]: FunctionArgument(0), [1]: FunctionArgument(1), [2]: Binary { op: ShiftRight, left: [0], right: [1] }, [3]: Literal(U32(1)), [4]: Binary { op: And, left: [2], right: [3] }, [5]: Literal(U32(1)), [6]: Binary { op: Equal, left: [4], right: [5] }}, named_expressions: {[0]: "data", [1]: "index"}, body: Block { body: [Emit([2..3]), Emit([4..5]), Emit([6..7]), Return { value: Some([6]) }], span_info: [Span { start: 865, end: 878 }, Span { start: 864, end: 884 }, Span { start: 863, end: 891 }, Span { start: 856, end: 892 }] }, diagnostic_filter_leaf: None }
2026-02-23T18:03:42.616180Z TRACE naga::compact::expressions: entering trace_expression of function expressions
2026-02-23T18:03:42.616183Z TRACE naga::compact::expressions: tracing new expression Binary { op: Equal, left: [4], right: [5] }
2026-02-23T18:03:42.616189Z TRACE naga::compact::expressions: tracing new expression Literal(U32(1))
2026-02-23T18:03:42.616191Z TRACE naga::compact::expressions: tracing new expression Binary { op: And, left: [2], right: [3] }
2026-02-23T18:03:42.616193Z TRACE naga::compact::expressions: tracing new expression Literal(U32(1))
2026-02-23T18:03:42.616195Z TRACE naga::compact::expressions: tracing new expression Binary { op: ShiftRight, left: [0], right: [1] }
2026-02-23T18:03:42.616197Z TRACE naga::compact::expressions: tracing new expression FunctionArgument(1)
2026-02-23T18:03:42.616199Z TRACE naga::compact::expressions: tracing new expression FunctionArgument(0)
2026-02-23T18:03:42.616201Z TRACE naga::compact: tracing special types
2026-02-23T18:03:42.616203Z TRACE naga::compact: tracing global variables
2026-02-23T18:03:42.616204Z TRACE naga::compact: tracing global Some("metadata_range")
2026-02-23T18:03:42.616207Z TRACE naga::compact: tracing global Some("metadata")
2026-02-23T18:03:42.616208Z TRACE naga::compact: tracing global Some("src")
2026-02-23T18:03:42.616210Z TRACE naga::compact: tracing global Some("dst")
2026-02-23T18:03:42.616212Z TRACE naga::compact: tracing named constants
2026-02-23T18:03:42.616215Z TRACE naga::compact: compacting types
2026-02-23T18:03:42.616217Z TRACE naga::compact::handle_set_map: adjusting naga::ir::Type handle [0] -> [Some(0)]
2026-02-23T18:03:42.616220Z TRACE naga::compact::handle_set_map: adjusting naga::ir::Type handle [1] -> [Some(1)]
2026-02-23T18:03:42.616222Z TRACE naga::compact::handle_set_map: adjusting naga::ir::Type handle [2] -> [Some(2)]
2026-02-23T18:03:42.616224Z TRACE naga::compact::handle_set_map: adjusting naga::ir::Type handle [1] -> [Some(1)]
2026-02-23T18:03:42.616226Z TRACE naga::compact::handle_set_map: adjusting naga::ir::Type handle [1] -> [Some(1)]
2026-02-23T18:03:42.616228Z TRACE naga::compact::handle_set_map: adjusting naga::ir::Type handle [1] -> [Some(1)]
2026-02-23T18:03:42.616230Z TRACE naga::compact::handle_set_map: adjusting naga::ir::Type handle [1] -> [Some(1)]
2026-02-23T18:03:42.616232Z TRACE naga::compact::handle_set_map: adjusting naga::ir::Type handle [3] -> [Some(3)]
2026-02-23T18:03:42.616234Z TRACE naga::compact::handle_set_map: adjusting naga::ir::Type handle [1] -> [Some(1)]
2026-02-23T18:03:42.616236Z TRACE naga::compact::handle_set_map: adjusting naga::ir::Type handle [1] -> [Some(1)]
2026-02-23T18:03:42.616238Z TRACE naga::compact::handle_set_map: adjusting naga::ir::Type handle [4] -> [Some(4)]
2026-02-23T18:03:42.616240Z TRACE naga::compact::handle_set_map: adjusting naga::ir::Type handle [2] -> [Some(2)]
2026-02-23T18:03:42.616243Z TRACE naga::compact::handle_set_map: adjusting naga::ir::Type handle [5] -> [Some(5)]
2026-02-23T18:03:42.616245Z TRACE naga::compact::handle_set_map: adjusting naga::ir::Type handle [1] -> [Some(1)]
2026-02-23T18:03:42.616247Z TRACE naga::compact::handle_set_map: adjusting naga::ir::Type handle [6] -> [Some(6)]
2026-02-23T18:03:42.616249Z TRACE naga::compact: adjusting special types
2026-02-23T18:03:42.616251Z TRACE naga::compact: adjusting constant expressions
2026-02-23T18:03:42.616253Z TRACE naga::compact: adjusting constants
2026-02-23T18:03:42.616255Z TRACE naga::compact: adjusting overrides
2026-02-23T18:03:42.616257Z TRACE naga::compact::handle_set_map: adjusting naga::ir::Type handle [0] -> [Some(0)]
2026-02-23T18:03:42.616258Z TRACE naga::compact::handle_set_map: adjusting naga::ir::Type handle [0] -> [Some(0)]
2026-02-23T18:03:42.616261Z TRACE naga::compact: adjusting workgroup_size_overrides
2026-02-23T18:03:42.616263Z TRACE naga::compact: adjusting global variables
2026-02-23T18:03:42.616264Z TRACE naga::compact: retaining global variable Some("metadata_range")
2026-02-23T18:03:42.616266Z TRACE naga::compact::handle_set_map: adjusting naga::ir::Type handle [3] -> [Some(3)]
2026-02-23T18:03:42.616268Z TRACE naga::compact: retaining global variable Some("metadata")
2026-02-23T18:03:42.616270Z TRACE naga::compact::handle_set_map: adjusting naga::ir::Type handle [4] -> [Some(4)]
2026-02-23T18:03:42.616276Z TRACE naga::compact: retaining global variable Some("src")
2026-02-23T18:03:42.616278Z TRACE naga::compact::handle_set_map: adjusting naga::ir::Type handle [5] -> [Some(5)]
2026-02-23T18:03:42.616280Z TRACE naga::compact: retaining global variable Some("dst")
2026-02-23T18:03:42.616282Z TRACE naga::compact::handle_set_map: adjusting naga::ir::Type handle [5] -> [Some(5)]
2026-02-23T18:03:42.616284Z TRACE naga::compact: retaining and compacting function Some("is_bit_set")
2026-02-23T18:03:42.616286Z TRACE naga::compact::handle_set_map: adjusting naga::ir::Type handle [1] -> [Some(1)]
2026-02-23T18:03:42.616288Z TRACE naga::compact::handle_set_map: adjusting naga::ir::Type handle [1] -> [Some(1)]
2026-02-23T18:03:42.616290Z TRACE naga::compact::handle_set_map: adjusting naga::ir::Type handle [0] -> [Some(0)]
2026-02-23T18:03:42.616292Z TRACE naga::compact::handle_set_map: adjusting naga::ir::Expression handle [0] -> [Some(0)]
2026-02-23T18:03:42.616295Z TRACE naga::compact::handle_set_map: adjusting naga::ir::Expression handle [1] -> [Some(1)]
2026-02-23T18:03:42.616297Z TRACE naga::compact::handle_set_map: adjusting naga::ir::Expression handle [2] -> [Some(2)]
2026-02-23T18:03:42.616298Z TRACE naga::compact::handle_set_map: adjusting naga::ir::Expression handle [3] -> [Some(3)]
2026-02-23T18:03:42.616300Z TRACE naga::compact::handle_set_map: adjusting naga::ir::Expression handle [4] -> [Some(4)]
2026-02-23T18:03:42.616302Z TRACE naga::compact::handle_set_map: adjusting naga::ir::Expression handle [5] -> [Some(5)]
2026-02-23T18:03:42.616305Z TRACE naga::compact::handle_set_map: adjusting naga::ir::Expression handle [0] -> [Some(0)]
2026-02-23T18:03:42.616307Z TRACE naga::compact::handle_set_map: adjusting naga::ir::Expression handle [1] -> [Some(1)]
2026-02-23T18:03:42.616309Z TRACE naga::compact::handle_set_map: adjusting naga::ir::Expression handle [6] -> [Some(6)]
2026-02-23T18:03:42.616312Z TRACE naga::compact: compacting entry point Some("main")
2026-02-23T18:03:42.616314Z TRACE naga::compact::handle_set_map: adjusting naga::ir::Type handle [6] -> [Some(6)]
2026-02-23T18:03:42.616315Z TRACE naga::compact::functions: adjusting local variable Some("failed")
2026-02-23T18:03:42.616317Z TRACE naga::compact::handle_set_map: adjusting naga::ir::Type handle [0] -> [Some(0)]
2026-02-23T18:03:42.616319Z TRACE naga::compact::handle_set_map: adjusting naga::ir::Expression handle [14] -> [Some(14)]
2026-02-23T18:03:42.616322Z TRACE naga::compact::handle_set_map: adjusting naga::ir::Expression handle [0] -> [Some(0)]
2026-02-23T18:03:42.616324Z TRACE naga::compact::handle_set_map: adjusting naga::ir::GlobalVariable handle [0] -> [Some(0)]
2026-02-23T18:03:42.616326Z TRACE naga::compact::handle_set_map: adjusting naga::ir::Expression handle [2] -> [Some(2)]
2026-02-23T18:03:42.616328Z TRACE naga::compact::handle_set_map: adjusting naga::ir::Expression handle [3] -> [Some(3)]
2026-02-23T18:03:42.616330Z TRACE naga::compact::handle_set_map: adjusting naga::ir::Expression handle [1] -> [Some(1)]
2026-02-23T18:03:42.616332Z TRACE naga::compact::handle_set_map: adjusting naga::ir::Expression handle [4] -> [Some(4)]
2026-02-23T18:03:42.616334Z TRACE naga::compact::handle_set_map: adjusting naga::ir::GlobalVariable handle [1] -> [Some(1)]
2026-02-23T18:03:42.616336Z TRACE naga::compact::handle_set_map: adjusting naga::ir::GlobalVariable handle [0] -> [Some(0)]
2026-02-23T18:03:42.616338Z TRACE naga::compact::handle_set_map: adjusting naga::ir::Expression handle [7] -> [Some(7)]
2026-02-23T18:03:42.616340Z TRACE naga::compact::handle_set_map: adjusting naga::ir::Expression handle [8] -> [Some(8)]
2026-02-23T18:03:42.616342Z TRACE naga::compact::handle_set_map: adjusting naga::ir::Expression handle [0] -> [Some(0)]
2026-02-23T18:03:42.616345Z TRACE naga::compact::handle_set_map: adjusting naga::ir::Expression handle [9] -> [Some(9)]
2026-02-23T18:03:42.616347Z TRACE naga::compact::handle_set_map: adjusting naga::ir::Expression handle [10] -> [Some(10)]
2026-02-23T18:03:42.616349Z TRACE naga::compact::handle_set_map: adjusting naga::ir::Expression handle [6] -> [Some(6)]
2026-02-23T18:03:42.616354Z TRACE naga::compact::handle_set_map: adjusting naga::ir::Expression handle [11] -> [Some(11)]
2026-02-23T18:03:42.616356Z TRACE naga::compact::handle_set_map: adjusting naga::ir::Expression handle [12] -> [Some(12)]
2026-02-23T18:03:42.616359Z TRACE naga::compact::handle_set_map: adjusting naga::ir::Expression handle [13] -> [Some(13)]
2026-02-23T18:03:42.616361Z TRACE naga::compact::handle_set_map: adjusting naga::ir::Function handle [0] -> [Some(0)]
2026-02-23T18:03:42.616363Z TRACE naga::compact::handle_set_map: adjusting naga::ir::Expression handle [13] -> [Some(13)]
2026-02-23T18:03:42.616365Z TRACE naga::compact::handle_set_map: adjusting naga::ir::Expression handle [19] -> [Some(19)]
2026-02-23T18:03:42.616367Z TRACE naga::compact::handle_set_map: adjusting naga::ir::Expression handle [20] -> [Some(20)]
2026-02-23T18:03:42.616369Z TRACE naga::compact::handle_set_map: adjusting naga::ir::Expression handle [21] -> [Some(21)]
2026-02-23T18:03:42.616371Z TRACE naga::compact::handle_set_map: adjusting naga::ir::Expression handle [22] -> [Some(22)]
2026-02-23T18:03:42.616373Z TRACE naga::compact::handle_set_map: adjusting naga::ir::Expression handle [13] -> [Some(13)]
2026-02-23T18:03:42.616375Z TRACE naga::compact::handle_set_map: adjusting naga::ir::Expression handle [24] -> [Some(24)]
2026-02-23T18:03:42.616377Z TRACE naga::compact::handle_set_map: adjusting naga::ir::Expression handle [25] -> [Some(25)]
2026-02-23T18:03:42.616379Z TRACE naga::compact::handle_set_map: adjusting naga::ir::Expression handle [26] -> [Some(26)]
2026-02-23T18:03:42.616381Z TRACE naga::compact::handle_set_map: adjusting naga::ir::Expression handle [27] -> [Some(27)]
2026-02-23T18:03:42.616383Z TRACE naga::compact::handle_set_map: adjusting naga::ir::GlobalVariable handle [2] -> [Some(2)]
2026-02-23T18:03:42.616385Z TRACE naga::compact::handle_set_map: adjusting naga::ir::Expression handle [23] -> [Some(23)]
2026-02-23T18:03:42.616387Z TRACE naga::compact::handle_set_map: adjusting naga::ir::Expression handle [30] -> [Some(30)]
2026-02-23T18:03:42.616389Z TRACE naga::compact::handle_set_map: adjusting naga::ir::Expression handle [29] -> [Some(29)]
2026-02-23T18:03:42.616391Z TRACE naga::compact::handle_set_map: adjusting naga::ir::Expression handle [31] -> [Some(31)]
2026-02-23T18:03:42.616393Z TRACE naga::compact::handle_set_map: adjusting naga::ir::Expression handle [32] -> [Some(32)]
2026-02-23T18:03:42.616395Z TRACE naga::compact::handle_set_map: adjusting naga::ir::GlobalVariable handle [2] -> [Some(2)]
2026-02-23T18:03:42.616397Z TRACE naga::compact::handle_set_map: adjusting naga::ir::Expression handle [23] -> [Some(23)]
2026-02-23T18:03:42.616399Z TRACE naga::compact::handle_set_map: adjusting naga::ir::Expression handle [35] -> [Some(35)]
2026-02-23T18:03:42.616401Z TRACE naga::compact::handle_set_map: adjusting naga::ir::Expression handle [34] -> [Some(34)]
2026-02-23T18:03:42.616403Z TRACE naga::compact::handle_set_map: adjusting naga::ir::Expression handle [36] -> [Some(36)]
2026-02-23T18:03:42.616405Z TRACE naga::compact::handle_set_map: adjusting naga::ir::Expression handle [37] -> [Some(37)]
2026-02-23T18:03:42.616407Z TRACE naga::compact::handle_set_map: adjusting naga::ir::Expression handle [13] -> [Some(13)]
2026-02-23T18:03:42.616409Z TRACE naga::compact::handle_set_map: adjusting naga::ir::Function handle [0] -> [Some(0)]
2026-02-23T18:03:42.616411Z TRACE naga::compact::handle_set_map: adjusting naga::ir::Expression handle [13] -> [Some(13)]
2026-02-23T18:03:42.616413Z TRACE naga::compact::handle_set_map: adjusting naga::ir::Expression handle [42] -> [Some(42)]
2026-02-23T18:03:42.616415Z TRACE naga::compact::handle_set_map: adjusting naga::ir::Expression handle [33] -> [Some(33)]
2026-02-23T18:03:42.616417Z TRACE naga::compact::handle_set_map: adjusting naga::ir::Expression handle [41] -> [Some(41)]
2026-02-23T18:03:42.616419Z TRACE naga::compact::handle_set_map: adjusting naga::ir::Expression handle [43] -> [Some(43)]
2026-02-23T18:03:42.616424Z TRACE naga::compact::handle_set_map: adjusting naga::ir::Expression handle [44] -> [Some(44)]
2026-02-23T18:03:42.616426Z TRACE naga::compact::handle_set_map: adjusting naga::ir::Expression handle [15] -> [Some(15)]
2026-02-23T18:03:42.616428Z TRACE naga::compact::handle_set_map: adjusting naga::ir::Expression handle [46] -> [Some(46)]
2026-02-23T18:03:42.616430Z TRACE naga::compact::handle_set_map: adjusting naga::ir::Expression handle [45] -> [Some(45)]
2026-02-23T18:03:42.616432Z TRACE naga::compact::handle_set_map: adjusting naga::ir::Expression handle [13] -> [Some(13)]
2026-02-23T18:03:42.616434Z TRACE naga::compact::handle_set_map: adjusting naga::ir::Expression handle [48] -> [Some(48)]
2026-02-23T18:03:42.616436Z TRACE naga::compact::handle_set_map: adjusting naga::ir::Expression handle [33] -> [Some(33)]
2026-02-23T18:03:42.616439Z TRACE naga::compact::handle_set_map: adjusting naga::ir::Expression handle [49] -> [Some(49)]
2026-02-23T18:03:42.616441Z TRACE naga::compact::handle_set_map: adjusting naga::ir::Expression handle [38] -> [Some(38)]
2026-02-23T18:03:42.616443Z TRACE naga::compact::handle_set_map: adjusting naga::ir::Expression handle [15] -> [Some(15)]
2026-02-23T18:03:42.616445Z TRACE naga::compact::handle_set_map: adjusting naga::ir::Expression handle [51] -> [Some(51)]
2026-02-23T18:03:42.616447Z TRACE naga::compact::handle_set_map: adjusting naga::ir::Expression handle [50] -> [Some(50)]
2026-02-23T18:03:42.616449Z TRACE naga::compact::handle_set_map: adjusting naga::ir::GlobalVariable handle [2] -> [Some(2)]
2026-02-23T18:03:42.616451Z TRACE naga::compact::handle_set_map: adjusting naga::ir::Expression handle [23] -> [Some(23)]
2026-02-23T18:03:42.616453Z TRACE naga::compact::handle_set_map: adjusting naga::ir::Expression handle [54] -> [Some(54)]
2026-02-23T18:03:42.616455Z TRACE naga::compact::handle_set_map: adjusting naga::ir::Expression handle [18] -> [Some(18)]
2026-02-23T18:03:42.616457Z TRACE naga::compact::handle_set_map: adjusting naga::ir::Expression handle [55] -> [Some(55)]
2026-02-23T18:03:42.616459Z TRACE naga::compact::handle_set_map: adjusting naga::ir::Expression handle [56] -> [Some(56)]
2026-02-23T18:03:42.616461Z TRACE naga::compact::handle_set_map: adjusting naga::ir::Expression handle [53] -> [Some(53)]
2026-02-23T18:03:42.616463Z TRACE naga::compact::handle_set_map: adjusting naga::ir::Expression handle [57] -> [Some(57)]
2026-02-23T18:03:42.616465Z TRACE naga::compact::handle_set_map: adjusting naga::ir::Expression handle [58] -> [Some(58)]
2026-02-23T18:03:42.616467Z TRACE naga::compact::handle_set_map: adjusting naga::ir::GlobalVariable handle [2] -> [Some(2)]
2026-02-23T18:03:42.616469Z TRACE naga::compact::handle_set_map: adjusting naga::ir::Expression handle [23] -> [Some(23)]
2026-02-23T18:03:42.616471Z TRACE naga::compact::handle_set_map: adjusting naga::ir::Expression handle [61] -> [Some(61)]
2026-02-23T18:03:42.616473Z TRACE naga::compact::handle_set_map: adjusting naga::ir::Expression handle [60] -> [Some(60)]
2026-02-23T18:03:42.616475Z TRACE naga::compact::handle_set_map: adjusting naga::ir::Expression handle [62] -> [Some(62)]
2026-02-23T18:03:42.616477Z TRACE naga::compact::handle_set_map: adjusting naga::ir::Expression handle [63] -> [Some(63)]
2026-02-23T18:03:42.616479Z TRACE naga::compact::handle_set_map: adjusting naga::ir::Expression handle [13] -> [Some(13)]
2026-02-23T18:03:42.616482Z TRACE naga::compact::handle_set_map: adjusting naga::ir::Function handle [0] -> [Some(0)]
2026-02-23T18:03:42.616484Z TRACE naga::compact::handle_set_map: adjusting naga::ir::Expression handle [13] -> [Some(13)]
2026-02-23T18:03:42.616486Z TRACE naga::compact::handle_set_map: adjusting naga::ir::Expression handle [68] -> [Some(68)]
2026-02-23T18:03:42.616488Z TRACE naga::compact::handle_set_map: adjusting naga::ir::Expression handle [59] -> [Some(59)]
2026-02-23T18:03:42.616490Z TRACE naga::compact::handle_set_map: adjusting naga::ir::Expression handle [67] -> [Some(67)]
2026-02-23T18:03:42.616492Z TRACE naga::compact::handle_set_map: adjusting naga::ir::Expression handle [69] -> [Some(69)]
2026-02-23T18:03:42.616498Z TRACE naga::compact::handle_set_map: adjusting naga::ir::Expression handle [70] -> [Some(70)]
2026-02-23T18:03:42.616501Z TRACE naga::compact::handle_set_map: adjusting naga::ir::Expression handle [15] -> [Some(15)]
2026-02-23T18:03:42.616503Z TRACE naga::compact::handle_set_map: adjusting naga::ir::Expression handle [72] -> [Some(72)]
2026-02-23T18:03:42.616505Z TRACE naga::compact::handle_set_map: adjusting naga::ir::Expression handle [71] -> [Some(71)]
2026-02-23T18:03:42.616507Z TRACE naga::compact::handle_set_map: adjusting naga::ir::Expression handle [13] -> [Some(13)]
2026-02-23T18:03:42.616509Z TRACE naga::compact::handle_set_map: adjusting naga::ir::Expression handle [74] -> [Some(74)]
2026-02-23T18:03:42.616511Z TRACE naga::compact::handle_set_map: adjusting naga::ir::Expression handle [59] -> [Some(59)]
2026-02-23T18:03:42.616513Z TRACE naga::compact::handle_set_map: adjusting naga::ir::Expression handle [75] -> [Some(75)]
2026-02-23T18:03:42.616515Z TRACE naga::compact::handle_set_map: adjusting naga::ir::Expression handle [64] -> [Some(64)]
2026-02-23T18:03:42.616517Z TRACE naga::compact::handle_set_map: adjusting naga::ir::Expression handle [15] -> [Some(15)]
2026-02-23T18:03:42.616519Z TRACE naga::compact::handle_set_map: adjusting naga::ir::Expression handle [77] -> [Some(77)]
2026-02-23T18:03:42.616521Z TRACE naga::compact::handle_set_map: adjusting naga::ir::Expression handle [76] -> [Some(76)]
2026-02-23T18:03:42.616523Z TRACE naga::compact::handle_set_map: adjusting naga::ir::Override handle [0] -> [Some(0)]
2026-02-23T18:03:42.616525Z TRACE naga::compact::handle_set_map: adjusting naga::ir::Expression handle [79] -> [Some(79)]
2026-02-23T18:03:42.616527Z TRACE naga::compact::handle_set_map: adjusting naga::ir::Expression handle [59] -> [Some(59)]
2026-02-23T18:03:42.616529Z TRACE naga::compact::handle_set_map: adjusting naga::ir::Expression handle [81] -> [Some(81)]
2026-02-23T18:03:42.616531Z TRACE naga::compact::handle_set_map: adjusting naga::ir::Expression handle [15] -> [Some(15)]
2026-02-23T18:03:42.616533Z TRACE naga::compact::handle_set_map: adjusting naga::ir::Expression handle [83] -> [Some(83)]
2026-02-23T18:03:42.616535Z TRACE naga::compact::handle_set_map: adjusting naga::ir::Expression handle [82] -> [Some(82)]
2026-02-23T18:03:42.616537Z TRACE naga::compact::handle_set_map: adjusting naga::ir::Override handle [1] -> [Some(1)]
2026-02-23T18:03:42.616539Z TRACE naga::compact::handle_set_map: adjusting naga::ir::Expression handle [87] -> [Some(87)]
2026-02-23T18:03:42.616541Z TRACE naga::compact::handle_set_map: adjusting naga::ir::Expression handle [86] -> [Some(86)]
2026-02-23T18:03:42.616544Z TRACE naga::compact::handle_set_map: adjusting naga::ir::Expression handle [85] -> [Some(85)]
2026-02-23T18:03:42.616546Z TRACE naga::compact::handle_set_map: adjusting naga::ir::Expression handle [15] -> [Some(15)]
2026-02-23T18:03:42.616548Z TRACE naga::compact::handle_set_map: adjusting naga::ir::Override handle [1] -> [Some(1)]
2026-02-23T18:03:42.616550Z TRACE naga::compact::handle_set_map: adjusting naga::ir::GlobalVariable handle [3] -> [Some(3)]
2026-02-23T18:03:42.616552Z TRACE naga::compact::handle_set_map: adjusting naga::ir::Expression handle [28] -> [Some(28)]
2026-02-23T18:03:42.616554Z TRACE naga::compact::handle_set_map: adjusting naga::ir::Expression handle [92] -> [Some(92)]
2026-02-23T18:03:42.616556Z TRACE naga::compact::handle_set_map: adjusting naga::ir::Expression handle [91] -> [Some(91)]
2026-02-23T18:03:42.616558Z TRACE naga::compact::handle_set_map: adjusting naga::ir::Expression handle [93] -> [Some(93)]
2026-02-23T18:03:42.616560Z TRACE naga::compact::handle_set_map: adjusting naga::ir::GlobalVariable handle [3] -> [Some(3)]
2026-02-23T18:03:42.616563Z TRACE naga::compact::handle_set_map: adjusting naga::ir::Expression handle [28] -> [Some(28)]
2026-02-23T18:03:42.616564Z TRACE naga::compact::handle_set_map: adjusting naga::ir::Expression handle [97] -> [Some(97)]
2026-02-23T18:03:42.616567Z TRACE naga::compact::handle_set_map: adjusting naga::ir::Expression handle [96] -> [Some(96)]
2026-02-23T18:03:42.616574Z TRACE naga::compact::handle_set_map: adjusting naga::ir::Expression handle [98] -> [Some(98)]
2026-02-23T18:03:42.616577Z TRACE naga::compact::handle_set_map: adjusting naga::ir::GlobalVariable handle [3] -> [Some(3)]
2026-02-23T18:03:42.616579Z TRACE naga::compact::handle_set_map: adjusting naga::ir::Expression handle [28] -> [Some(28)]
2026-02-23T18:03:42.616581Z TRACE naga::compact::handle_set_map: adjusting naga::ir::Expression handle [102] -> [Some(102)]
2026-02-23T18:03:42.616583Z TRACE naga::compact::handle_set_map: adjusting naga::ir::Expression handle [101] -> [Some(101)]
2026-02-23T18:03:42.616585Z TRACE naga::compact::handle_set_map: adjusting naga::ir::Expression handle [103] -> [Some(103)]
2026-02-23T18:03:42.616587Z TRACE naga::compact::handle_set_map: adjusting naga::ir::GlobalVariable handle [3] -> [Some(3)]
2026-02-23T18:03:42.616589Z TRACE naga::compact::handle_set_map: adjusting naga::ir::Expression handle [28] -> [Some(28)]
2026-02-23T18:03:42.616591Z TRACE naga::compact::handle_set_map: adjusting naga::ir::Expression handle [88] -> [Some(88)]
2026-02-23T18:03:42.616593Z TRACE naga::compact::handle_set_map: adjusting naga::ir::Expression handle [107] -> [Some(107)]
2026-02-23T18:03:42.616595Z TRACE naga::compact::handle_set_map: adjusting naga::ir::Expression handle [108] -> [Some(108)]
2026-02-23T18:03:42.616597Z TRACE naga::compact::handle_set_map: adjusting naga::ir::Expression handle [106] -> [Some(106)]
2026-02-23T18:03:42.616599Z TRACE naga::compact::handle_set_map: adjusting naga::ir::Expression handle [109] -> [Some(109)]
2026-02-23T18:03:42.616601Z TRACE naga::compact::handle_set_map: adjusting naga::ir::GlobalVariable handle [3] -> [Some(3)]
2026-02-23T18:03:42.616603Z TRACE naga::compact::handle_set_map: adjusting naga::ir::Expression handle [28] -> [Some(28)]
2026-02-23T18:03:42.616605Z TRACE naga::compact::handle_set_map: adjusting naga::ir::Expression handle [88] -> [Some(88)]
2026-02-23T18:03:42.616607Z TRACE naga::compact::handle_set_map: adjusting naga::ir::Expression handle [113] -> [Some(113)]
2026-02-23T18:03:42.616609Z TRACE naga::compact::handle_set_map: adjusting naga::ir::Expression handle [114] -> [Some(114)]
2026-02-23T18:03:42.616611Z TRACE naga::compact::handle_set_map: adjusting naga::ir::Expression handle [112] -> [Some(112)]
2026-02-23T18:03:42.616613Z TRACE naga::compact::handle_set_map: adjusting naga::ir::Expression handle [115] -> [Some(115)]
2026-02-23T18:03:42.616615Z TRACE naga::compact::handle_set_map: adjusting naga::ir::GlobalVariable handle [3] -> [Some(3)]
2026-02-23T18:03:42.616617Z TRACE naga::compact::handle_set_map: adjusting naga::ir::Expression handle [28] -> [Some(28)]
2026-02-23T18:03:42.616619Z TRACE naga::compact::handle_set_map: adjusting naga::ir::Expression handle [88] -> [Some(88)]
2026-02-23T18:03:42.616621Z TRACE naga::compact::handle_set_map: adjusting naga::ir::Expression handle [119] -> [Some(119)]
2026-02-23T18:03:42.616623Z TRACE naga::compact::handle_set_map: adjusting naga::ir::Expression handle [120] -> [Some(120)]
2026-02-23T18:03:42.616625Z TRACE naga::compact::handle_set_map: adjusting naga::ir::Expression handle [118] -> [Some(118)]
2026-02-23T18:03:42.616627Z TRACE naga::compact::handle_set_map: adjusting naga::ir::Expression handle [121] -> [Some(121)]
2026-02-23T18:03:42.616629Z TRACE naga::compact::handle_set_map: adjusting naga::ir::GlobalVariable handle [3] -> [Some(3)]
2026-02-23T18:03:42.616631Z TRACE naga::compact::handle_set_map: adjusting naga::ir::Expression handle [28] -> [Some(28)]
2026-02-23T18:03:42.616634Z TRACE naga::compact::handle_set_map: adjusting naga::ir::Expression handle [88] -> [Some(88)]
2026-02-23T18:03:42.616636Z TRACE naga::compact::handle_set_map: adjusting naga::ir::Expression handle [125] -> [Some(125)]
2026-02-23T18:03:42.616637Z TRACE naga::compact::handle_set_map: adjusting naga::ir::Expression handle [126] -> [Some(126)]
2026-02-23T18:03:42.616639Z TRACE naga::compact::handle_set_map: adjusting naga::ir::Expression handle [124] -> [Some(124)]
2026-02-23T18:03:42.616645Z TRACE naga::compact::handle_set_map: adjusting naga::ir::Expression handle [127] -> [Some(127)]
2026-02-23T18:03:42.616647Z TRACE naga::compact::handle_set_map: adjusting naga::ir::GlobalVariable handle [3] -> [Some(3)]
2026-02-23T18:03:42.616649Z TRACE naga::compact::handle_set_map: adjusting naga::ir::Expression handle [28] -> [Some(28)]
2026-02-23T18:03:42.616651Z TRACE naga::compact::handle_set_map: adjusting naga::ir::Expression handle [88] -> [Some(88)]
2026-02-23T18:03:42.616653Z TRACE naga::compact::handle_set_map: adjusting naga::ir::Expression handle [131] -> [Some(131)]
2026-02-23T18:03:42.616655Z TRACE naga::compact::handle_set_map: adjusting naga::ir::Expression handle [132] -> [Some(132)]
2026-02-23T18:03:42.616658Z TRACE naga::compact::handle_set_map: adjusting naga::ir::Expression handle [130] -> [Some(130)]
2026-02-23T18:03:42.616660Z TRACE naga::compact::handle_set_map: adjusting naga::ir::Expression handle [133] -> [Some(133)]
2026-02-23T18:03:42.616662Z TRACE naga::compact::handle_set_map: adjusting naga::ir::Override handle [1] -> [Some(1)]
2026-02-23T18:03:42.616664Z TRACE naga::compact::handle_set_map: adjusting naga::ir::GlobalVariable handle [3] -> [Some(3)]
2026-02-23T18:03:42.616666Z TRACE naga::compact::handle_set_map: adjusting naga::ir::Expression handle [28] -> [Some(28)]
2026-02-23T18:03:42.616668Z TRACE naga::compact::handle_set_map: adjusting naga::ir::Expression handle [138] -> [Some(138)]
2026-02-23T18:03:42.616671Z TRACE naga::compact::handle_set_map: adjusting naga::ir::Expression handle [137] -> [Some(137)]
2026-02-23T18:03:42.616673Z TRACE naga::compact::handle_set_map: adjusting naga::ir::Expression handle [139] -> [Some(139)]
2026-02-23T18:03:42.616675Z TRACE naga::compact::handle_set_map: adjusting naga::ir::GlobalVariable handle [2] -> [Some(2)]
2026-02-23T18:03:42.616677Z TRACE naga::compact::handle_set_map: adjusting naga::ir::Expression handle [23] -> [Some(23)]
2026-02-23T18:03:42.616679Z TRACE naga::compact::handle_set_map: adjusting naga::ir::Expression handle [142] -> [Some(142)]
2026-02-23T18:03:42.616681Z TRACE naga::compact::handle_set_map: adjusting naga::ir::Expression handle [18] -> [Some(18)]
2026-02-23T18:03:42.616683Z TRACE naga::compact::handle_set_map: adjusting naga::ir::Expression handle [143] -> [Some(143)]
2026-02-23T18:03:42.616685Z TRACE naga::compact::handle_set_map: adjusting naga::ir::Expression handle [144] -> [Some(144)]
2026-02-23T18:03:42.616686Z TRACE naga::compact::handle_set_map: adjusting naga::ir::Expression handle [141] -> [Some(141)]
2026-02-23T18:03:42.616688Z TRACE naga::compact::handle_set_map: adjusting naga::ir::Expression handle [145] -> [Some(145)]
2026-02-23T18:03:42.616690Z TRACE naga::compact::handle_set_map: adjusting naga::ir::Expression handle [146] -> [Some(146)]
2026-02-23T18:03:42.616692Z TRACE naga::compact::handle_set_map: adjusting naga::ir::GlobalVariable handle [3] -> [Some(3)]
2026-02-23T18:03:42.616694Z TRACE naga::compact::handle_set_map: adjusting naga::ir::Expression handle [28] -> [Some(28)]
2026-02-23T18:03:42.616696Z TRACE naga::compact::handle_set_map: adjusting naga::ir::Expression handle [149] -> [Some(149)]
2026-02-23T18:03:42.616698Z TRACE naga::compact::handle_set_map: adjusting naga::ir::Expression handle [148] -> [Some(148)]
2026-02-23T18:03:42.616700Z TRACE naga::compact::handle_set_map: adjusting naga::ir::Expression handle [150] -> [Some(150)]
2026-02-23T18:03:42.616702Z TRACE naga::compact::handle_set_map: adjusting naga::ir::GlobalVariable handle [2] -> [Some(2)]
2026-02-23T18:03:42.616704Z TRACE naga::compact::handle_set_map: adjusting naga::ir::Expression handle [23] -> [Some(23)]
2026-02-23T18:03:42.616706Z TRACE naga::compact::handle_set_map: adjusting naga::ir::Expression handle [153] -> [Some(153)]
2026-02-23T18:03:42.616708Z TRACE naga::compact::handle_set_map: adjusting naga::ir::Expression handle [18] -> [Some(18)]
2026-02-23T18:03:42.616709Z TRACE naga::compact::handle_set_map: adjusting naga::ir::Expression handle [154] -> [Some(154)]
2026-02-23T18:03:42.616714Z TRACE naga::compact::handle_set_map: adjusting naga::ir::Expression handle [155] -> [Some(155)]
2026-02-23T18:03:42.616716Z TRACE naga::compact::handle_set_map: adjusting naga::ir::Expression handle [152] -> [Some(152)]
2026-02-23T18:03:42.616718Z TRACE naga::compact::handle_set_map: adjusting naga::ir::Expression handle [156] -> [Some(156)]
2026-02-23T18:03:42.616719Z TRACE naga::compact::handle_set_map: adjusting naga::ir::Expression handle [157] -> [Some(157)]
2026-02-23T18:03:42.616721Z TRACE naga::compact::handle_set_map: adjusting naga::ir::GlobalVariable handle [3] -> [Some(3)]
2026-02-23T18:03:42.616723Z TRACE naga::compact::handle_set_map: adjusting naga::ir::Expression handle [28] -> [Some(28)]
2026-02-23T18:03:42.616725Z TRACE naga::compact::handle_set_map: adjusting naga::ir::Expression handle [160] -> [Some(160)]
2026-02-23T18:03:42.616727Z TRACE naga::compact::handle_set_map: adjusting naga::ir::Expression handle [159] -> [Some(159)]
2026-02-23T18:03:42.616729Z TRACE naga::compact::handle_set_map: adjusting naga::ir::Expression handle [161] -> [Some(161)]
2026-02-23T18:03:42.616731Z TRACE naga::compact::handle_set_map: adjusting naga::ir::GlobalVariable handle [3] -> [Some(3)]
2026-02-23T18:03:42.616733Z TRACE naga::compact::handle_set_map: adjusting naga::ir::Expression handle [28] -> [Some(28)]
2026-02-23T18:03:42.616735Z TRACE naga::compact::handle_set_map: adjusting naga::ir::Expression handle [88] -> [Some(88)]
2026-02-23T18:03:42.616736Z TRACE naga::compact::handle_set_map: adjusting naga::ir::Expression handle [165] -> [Some(165)]
2026-02-23T18:03:42.616738Z TRACE naga::compact::handle_set_map: adjusting naga::ir::Expression handle [166] -> [Some(166)]
2026-02-23T18:03:42.616740Z TRACE naga::compact::handle_set_map: adjusting naga::ir::Expression handle [164] -> [Some(164)]
2026-02-23T18:03:42.616742Z TRACE naga::compact::handle_set_map: adjusting naga::ir::Expression handle [167] -> [Some(167)]
2026-02-23T18:03:42.616744Z TRACE naga::compact::handle_set_map: adjusting naga::ir::GlobalVariable handle [2] -> [Some(2)]
2026-02-23T18:03:42.616746Z TRACE naga::compact::handle_set_map: adjusting naga::ir::Expression handle [23] -> [Some(23)]
2026-02-23T18:03:42.616748Z TRACE naga::compact::handle_set_map: adjusting naga::ir::Expression handle [170] -> [Some(170)]
2026-02-23T18:03:42.616750Z TRACE naga::compact::handle_set_map: adjusting naga::ir::Expression handle [169] -> [Some(169)]
2026-02-23T18:03:42.616752Z TRACE naga::compact::handle_set_map: adjusting naga::ir::Expression handle [171] -> [Some(171)]
2026-02-23T18:03:42.616754Z TRACE naga::compact::handle_set_map: adjusting naga::ir::Expression handle [172] -> [Some(172)]
2026-02-23T18:03:42.616755Z TRACE naga::compact::handle_set_map: adjusting naga::ir::GlobalVariable handle [3] -> [Some(3)]
2026-02-23T18:03:42.616757Z TRACE naga::compact::handle_set_map: adjusting naga::ir::Expression handle [28] -> [Some(28)]
2026-02-23T18:03:42.616759Z TRACE naga::compact::handle_set_map: adjusting naga::ir::Expression handle [88] -> [Some(88)]
2026-02-23T18:03:42.616761Z TRACE naga::compact::handle_set_map: adjusting naga::ir::Expression handle [175] -> [Some(175)]
2026-02-23T18:03:42.616763Z TRACE naga::compact::handle_set_map: adjusting naga::ir::Expression handle [176] -> [Some(176)]
2026-02-23T18:03:42.616765Z TRACE naga::compact::handle_set_map: adjusting naga::ir::Expression handle [174] -> [Some(174)]
2026-02-23T18:03:42.616767Z TRACE naga::compact::handle_set_map: adjusting naga::ir::Expression handle [177] -> [Some(177)]
2026-02-23T18:03:42.616769Z TRACE naga::compact::handle_set_map: adjusting naga::ir::GlobalVariable handle [2] -> [Some(2)]
2026-02-23T18:03:42.616771Z TRACE naga::compact::handle_set_map: adjusting naga::ir::Expression handle [23] -> [Some(23)]
2026-02-23T18:03:42.616772Z TRACE naga::compact::handle_set_map: adjusting naga::ir::Expression handle [180] -> [Some(180)]
2026-02-23T18:03:42.616774Z TRACE naga::compact::handle_set_map: adjusting naga::ir::Expression handle [179] -> [Some(179)]
2026-02-23T18:03:42.616779Z TRACE naga::compact::handle_set_map: adjusting naga::ir::Expression handle [181] -> [Some(181)]
2026-02-23T18:03:42.616781Z TRACE naga::compact::handle_set_map: adjusting naga::ir::Expression handle [182] -> [Some(182)]
2026-02-23T18:03:42.616782Z TRACE naga::compact::handle_set_map: adjusting naga::ir::GlobalVariable handle [3] -> [Some(3)]
2026-02-23T18:03:42.616784Z TRACE naga::compact::handle_set_map: adjusting naga::ir::Expression handle [28] -> [Some(28)]
2026-02-23T18:03:42.616786Z TRACE naga::compact::handle_set_map: adjusting naga::ir::Expression handle [88] -> [Some(88)]
2026-02-23T18:03:42.616788Z TRACE naga::compact::handle_set_map: adjusting naga::ir::Expression handle [185] -> [Some(185)]
2026-02-23T18:03:42.616790Z TRACE naga::compact::handle_set_map: adjusting naga::ir::Expression handle [186] -> [Some(186)]
2026-02-23T18:03:42.616792Z TRACE naga::compact::handle_set_map: adjusting naga::ir::Expression handle [184] -> [Some(184)]
2026-02-23T18:03:42.616794Z TRACE naga::compact::handle_set_map: adjusting naga::ir::Expression handle [187] -> [Some(187)]
2026-02-23T18:03:42.616796Z TRACE naga::compact::handle_set_map: adjusting naga::ir::GlobalVariable handle [2] -> [Some(2)]
2026-02-23T18:03:42.616798Z TRACE naga::compact::handle_set_map: adjusting naga::ir::Expression handle [23] -> [Some(23)]
2026-02-23T18:03:42.616799Z TRACE naga::compact::handle_set_map: adjusting naga::ir::Expression handle [190] -> [Some(190)]
2026-02-23T18:03:42.616801Z TRACE naga::compact::handle_set_map: adjusting naga::ir::Expression handle [189] -> [Some(189)]
2026-02-23T18:03:42.616803Z TRACE naga::compact::handle_set_map: adjusting naga::ir::Expression handle [191] -> [Some(191)]
2026-02-23T18:03:42.616805Z TRACE naga::compact::handle_set_map: adjusting naga::ir::Expression handle [192] -> [Some(192)]
2026-02-23T18:03:42.616807Z TRACE naga::compact::handle_set_map: adjusting naga::ir::GlobalVariable handle [3] -> [Some(3)]
2026-02-23T18:03:42.616809Z TRACE naga::compact::handle_set_map: adjusting naga::ir::Expression handle [28] -> [Some(28)]
2026-02-23T18:03:42.616811Z TRACE naga::compact::handle_set_map: adjusting naga::ir::Expression handle [88] -> [Some(88)]
2026-02-23T18:03:42.616813Z TRACE naga::compact::handle_set_map: adjusting naga::ir::Expression handle [195] -> [Some(195)]
2026-02-23T18:03:42.616814Z TRACE naga::compact::handle_set_map: adjusting naga::ir::Expression handle [196] -> [Some(196)]
2026-02-23T18:03:42.616816Z TRACE naga::compact::handle_set_map: adjusting naga::ir::Expression handle [194] -> [Some(194)]
2026-02-23T18:03:42.616818Z TRACE naga::compact::handle_set_map: adjusting naga::ir::Expression handle [197] -> [Some(197)]
2026-02-23T18:03:42.616820Z TRACE naga::compact::handle_set_map: adjusting naga::ir::GlobalVariable handle [2] -> [Some(2)]
2026-02-23T18:03:42.616822Z TRACE naga::compact::handle_set_map: adjusting naga::ir::Expression handle [23] -> [Some(23)]
2026-02-23T18:03:42.616824Z TRACE naga::compact::handle_set_map: adjusting naga::ir::Expression handle [200] -> [Some(200)]
2026-02-23T18:03:42.616826Z TRACE naga::compact::handle_set_map: adjusting naga::ir::Expression handle [199] -> [Some(199)]
2026-02-23T18:03:42.616828Z TRACE naga::compact::handle_set_map: adjusting naga::ir::Expression handle [201] -> [Some(201)]
2026-02-23T18:03:42.616829Z TRACE naga::compact::handle_set_map: adjusting naga::ir::Expression handle [202] -> [Some(202)]
2026-02-23T18:03:42.616831Z TRACE naga::compact::handle_set_map: adjusting naga::ir::GlobalVariable handle [3] -> [Some(3)]
2026-02-23T18:03:42.616833Z TRACE naga::compact::handle_set_map: adjusting naga::ir::Expression handle [28] -> [Some(28)]
2026-02-23T18:03:42.616835Z TRACE naga::compact::handle_set_map: adjusting naga::ir::Expression handle [88] -> [Some(88)]
2026-02-23T18:03:42.616837Z TRACE naga::compact::handle_set_map: adjusting naga::ir::Expression handle [205] -> [Some(205)]
2026-02-23T18:03:42.616839Z TRACE naga::compact::handle_set_map: adjusting naga::ir::Expression handle [206] -> [Some(206)]
2026-02-23T18:03:42.616843Z TRACE naga::compact::handle_set_map: adjusting naga::ir::Expression handle [204] -> [Some(204)]
2026-02-23T18:03:42.616845Z TRACE naga::compact::handle_set_map: adjusting naga::ir::Expression handle [207] -> [Some(207)]
2026-02-23T18:03:42.616847Z TRACE naga::compact::handle_set_map: adjusting naga::ir::GlobalVariable handle [2] -> [Some(2)]
2026-02-23T18:03:42.616849Z TRACE naga::compact::handle_set_map: adjusting naga::ir::Expression handle [23] -> [Some(23)]
2026-02-23T18:03:42.616851Z TRACE naga::compact::handle_set_map: adjusting naga::ir::Expression handle [210] -> [Some(210)]
2026-02-23T18:03:42.616853Z TRACE naga::compact::handle_set_map: adjusting naga::ir::Expression handle [209] -> [Some(209)]
2026-02-23T18:03:42.616855Z TRACE naga::compact::handle_set_map: adjusting naga::ir::Expression handle [211] -> [Some(211)]
2026-02-23T18:03:42.616856Z TRACE naga::compact::handle_set_map: adjusting naga::ir::Expression handle [212] -> [Some(212)]
2026-02-23T18:03:42.616858Z TRACE naga::compact::handle_set_map: adjusting naga::ir::Expression handle [0] -> [Some(0)]
2026-02-23T18:03:42.616860Z TRACE naga::compact::handle_set_map: adjusting naga::ir::Expression handle [13] -> [Some(13)]
2026-02-23T18:03:42.616862Z TRACE naga::compact::handle_set_map: adjusting naga::ir::Expression handle [18] -> [Some(18)]
2026-02-23T18:03:42.616864Z TRACE naga::compact::handle_set_map: adjusting naga::ir::Expression handle [23] -> [Some(23)]
2026-02-23T18:03:42.616866Z TRACE naga::compact::handle_set_map: adjusting naga::ir::Expression handle [28] -> [Some(28)]
2026-02-23T18:03:42.616868Z TRACE naga::compact::handle_set_map: adjusting naga::ir::Expression handle [33] -> [Some(33)]
2026-02-23T18:03:42.616870Z TRACE naga::compact::handle_set_map: adjusting naga::ir::Expression handle [38] -> [Some(38)]
2026-02-23T18:03:42.616872Z TRACE naga::compact::handle_set_map: adjusting naga::ir::Expression handle [41] -> [Some(41)]
2026-02-23T18:03:42.616874Z TRACE naga::compact::handle_set_map: adjusting naga::ir::Expression handle [43] -> [Some(43)]
2026-02-23T18:03:42.616876Z TRACE naga::compact::handle_set_map: adjusting naga::ir::Expression handle [49] -> [Some(49)]
2026-02-23T18:03:42.616877Z TRACE naga::compact::handle_set_map: adjusting naga::ir::Expression handle [59] -> [Some(59)]
2026-02-23T18:03:42.616879Z TRACE naga::compact::handle_set_map: adjusting naga::ir::Expression handle [64] -> [Some(64)]
2026-02-23T18:03:42.616881Z TRACE naga::compact::handle_set_map: adjusting naga::ir::Expression handle [67] -> [Some(67)]
2026-02-23T18:03:42.616883Z TRACE naga::compact::handle_set_map: adjusting naga::ir::Expression handle [69] -> [Some(69)]
2026-02-23T18:03:42.616885Z TRACE naga::compact::handle_set_map: adjusting naga::ir::Expression handle [75] -> [Some(75)]
2026-02-23T18:03:42.616887Z TRACE naga::compact::handle_set_map: adjusting naga::ir::Expression handle [88] -> [Some(88)]
2026-02-23T18:03:42.616889Z TRACE naga::compact::handle_set_map: adjusting naga::ir::Expression handle [5] -> [Some(5)]
2026-02-23T18:03:42.616891Z TRACE naga::compact::handle_set_map: adjusting naga::ir::Function handle [0] -> [Some(0)]
2026-02-23T18:03:42.616893Z TRACE naga::compact::handle_set_map: adjusting naga::ir::Expression handle [16] -> [Some(16)]
2026-02-23T18:03:42.616895Z TRACE naga::compact::handle_set_map: adjusting naga::ir::Expression handle [17] -> [Some(17)]
2026-02-23T18:03:42.616896Z TRACE naga::compact::handle_set_map: adjusting naga::ir::Expression handle [18] -> [Some(18)]
2026-02-23T18:03:42.616898Z TRACE naga::compact::handle_set_map: adjusting naga::ir::Expression handle [80] -> [Some(80)]
2026-02-23T18:03:42.616900Z TRACE naga::compact::handle_set_map: adjusting naga::ir::Expression handle [89] -> [Some(89)]
2026-02-23T18:03:42.616902Z TRACE naga::compact::handle_set_map: adjusting naga::ir::Expression handle [136] -> [Some(136)]
2026-02-23T18:03:42.616904Z TRACE naga::compact::handle_set_map: adjusting naga::ir::Expression handle [168] -> [Some(168)]
2026-02-23T18:03:42.616906Z TRACE naga::compact::handle_set_map: adjusting naga::ir::Expression handle [173] -> [Some(173)]
2026-02-23T18:03:42.616910Z TRACE naga::compact::handle_set_map: adjusting naga::ir::Expression handle [178] -> [Some(178)]
2026-02-23T18:03:42.616912Z TRACE naga::compact::handle_set_map: adjusting naga::ir::Expression handle [183] -> [Some(183)]
2026-02-23T18:03:42.616914Z TRACE naga::compact::handle_set_map: adjusting naga::ir::Expression handle [188] -> [Some(188)]
2026-02-23T18:03:42.616916Z TRACE naga::compact::handle_set_map: adjusting naga::ir::Expression handle [193] -> [Some(193)]
2026-02-23T18:03:42.616918Z TRACE naga::compact::handle_set_map: adjusting naga::ir::Expression handle [198] -> [Some(198)]
2026-02-23T18:03:42.616920Z TRACE naga::compact::handle_set_map: adjusting naga::ir::Expression handle [203] -> [Some(203)]
2026-02-23T18:03:42.616922Z TRACE naga::compact::handle_set_map: adjusting naga::ir::Expression handle [18] -> [Some(18)]
2026-02-23T18:03:42.616924Z TRACE naga::compact::handle_set_map: adjusting naga::ir::Expression handle [208] -> [Some(208)]
2026-02-23T18:03:42.616925Z TRACE naga::compact::handle_set_map: adjusting naga::ir::Expression handle [213] -> [Some(213)]
2026-02-23T18:03:42.616927Z TRACE naga::compact::handle_set_map: adjusting naga::ir::Expression handle [140] -> [Some(140)]
2026-02-23T18:03:42.616929Z TRACE naga::compact::handle_set_map: adjusting naga::ir::Expression handle [147] -> [Some(147)]
2026-02-23T18:03:42.616931Z TRACE naga::compact::handle_set_map: adjusting naga::ir::Expression handle [151] -> [Some(151)]
2026-02-23T18:03:42.616933Z TRACE naga::compact::handle_set_map: adjusting naga::ir::Expression handle [158] -> [Some(158)]
2026-02-23T18:03:42.616935Z TRACE naga::compact::handle_set_map: adjusting naga::ir::Expression handle [162] -> [Some(162)]
2026-02-23T18:03:42.616937Z TRACE naga::compact::handle_set_map: adjusting naga::ir::Expression handle [163] -> [Some(163)]
2026-02-23T18:03:42.616939Z TRACE naga::compact::handle_set_map: adjusting naga::ir::Expression handle [90] -> [Some(90)]
2026-02-23T18:03:42.616940Z TRACE naga::compact::handle_set_map: adjusting naga::ir::Expression handle [110] -> [Some(110)]
2026-02-23T18:03:42.616942Z TRACE naga::compact::handle_set_map: adjusting naga::ir::Expression handle [111] -> [Some(111)]
2026-02-23T18:03:42.616944Z TRACE naga::compact::handle_set_map: adjusting naga::ir::Expression handle [116] -> [Some(116)]
2026-02-23T18:03:42.616946Z TRACE naga::compact::handle_set_map: adjusting naga::ir::Expression handle [117] -> [Some(117)]
2026-02-23T18:03:42.616948Z TRACE naga::compact::handle_set_map: adjusting naga::ir::Expression handle [122] -> [Some(122)]
2026-02-23T18:03:42.616950Z TRACE naga::compact::handle_set_map: adjusting naga::ir::Expression handle [123] -> [Some(123)]
2026-02-23T18:03:42.616952Z TRACE naga::compact::handle_set_map: adjusting naga::ir::Expression handle [128] -> [Some(128)]
2026-02-23T18:03:42.616954Z TRACE naga::compact::handle_set_map: adjusting naga::ir::Expression handle [129] -> [Some(129)]
2026-02-23T18:03:42.616955Z TRACE naga::compact::handle_set_map: adjusting naga::ir::Expression handle [18] -> [Some(18)]
2026-02-23T18:03:42.616957Z TRACE naga::compact::handle_set_map: adjusting naga::ir::Expression handle [134] -> [Some(134)]
2026-02-23T18:03:42.616959Z TRACE naga::compact::handle_set_map: adjusting naga::ir::Expression handle [135] -> [Some(135)]
2026-02-23T18:03:42.616961Z TRACE naga::compact::handle_set_map: adjusting naga::ir::Expression handle [94] -> [Some(94)]
2026-02-23T18:03:42.616963Z TRACE naga::compact::handle_set_map: adjusting naga::ir::Expression handle [95] -> [Some(95)]
2026-02-23T18:03:42.616965Z TRACE naga::compact::handle_set_map: adjusting naga::ir::Expression handle [99] -> [Some(99)]
2026-02-23T18:03:42.616967Z TRACE naga::compact::handle_set_map: adjusting naga::ir::Expression handle [100] -> [Some(100)]
2026-02-23T18:03:42.616968Z TRACE naga::compact::handle_set_map: adjusting naga::ir::Expression handle [104] -> [Some(104)]
2026-02-23T18:03:42.616970Z TRACE naga::compact::handle_set_map: adjusting naga::ir::Expression handle [105] -> [Some(105)]
2026-02-23T18:03:42.616975Z TRACE naga::compact::handle_set_map: adjusting naga::ir::Expression handle [15] -> [Some(15)]
2026-02-23T18:03:42.616977Z TRACE naga::compact::handle_set_map: adjusting naga::ir::Expression handle [84] -> [Some(84)]
2026-02-23T18:03:42.616979Z TRACE naga::compact::handle_set_map: adjusting naga::ir::Function handle [0] -> [Some(0)]
2026-02-23T18:03:42.616980Z TRACE naga::compact::handle_set_map: adjusting naga::ir::Expression handle [65] -> [Some(65)]
2026-02-23T18:03:42.616982Z TRACE naga::compact::handle_set_map: adjusting naga::ir::Expression handle [66] -> [Some(66)]
2026-02-23T18:03:42.616984Z TRACE naga::compact::handle_set_map: adjusting naga::ir::Expression handle [67] -> [Some(67)]
2026-02-23T18:03:42.616986Z TRACE naga::compact::handle_set_map: adjusting naga::ir::Expression handle [15] -> [Some(15)]
2026-02-23T18:03:42.616988Z TRACE naga::compact::handle_set_map: adjusting naga::ir::Expression handle [73] -> [Some(73)]
2026-02-23T18:03:42.616990Z TRACE naga::compact::handle_set_map: adjusting naga::ir::Expression handle [15] -> [Some(15)]
2026-02-23T18:03:42.616991Z TRACE naga::compact::handle_set_map: adjusting naga::ir::Expression handle [78] -> [Some(78)]
2026-02-23T18:03:42.616993Z TRACE naga::compact::handle_set_map: adjusting naga::ir::Function handle [0] -> [Some(0)]
2026-02-23T18:03:42.616995Z TRACE naga::compact::handle_set_map: adjusting naga::ir::Expression handle [39] -> [Some(39)]
2026-02-23T18:03:42.616997Z TRACE naga::compact::handle_set_map: adjusting naga::ir::Expression handle [40] -> [Some(40)]
2026-02-23T18:03:42.616999Z TRACE naga::compact::handle_set_map: adjusting naga::ir::Expression handle [41] -> [Some(41)]
2026-02-23T18:03:42.617001Z TRACE naga::compact::handle_set_map: adjusting naga::ir::Expression handle [15] -> [Some(15)]
2026-02-23T18:03:42.617002Z TRACE naga::compact::handle_set_map: adjusting naga::ir::Expression handle [47] -> [Some(47)]
2026-02-23T18:03:42.617004Z TRACE naga::compact::handle_set_map: adjusting naga::ir::Expression handle [15] -> [Some(15)]
2026-02-23T18:03:42.617006Z TRACE naga::compact::handle_set_map: adjusting naga::ir::Expression handle [52] -> [Some(52)]
2026-02-23T18:03:42.617012Z TRACE naga::proc::constant_evaluator: try_eval_and_append: Literal(U32(1))
2026-02-23T18:03:42.617015Z TRACE naga::proc::constant_evaluator: try_eval_and_append: Literal(U32(1))
2026-02-23T18:03:42.617020Z TRACE naga::proc::constant_evaluator: try_eval_and_append: Literal(Bool(false))
2026-02-23T18:03:42.617022Z TRACE naga::proc::constant_evaluator: try_eval_and_append: Literal(U32(31))
2026-02-23T18:03:42.617024Z TRACE naga::proc::constant_evaluator: try_eval_and_append: Literal(U32(2))
2026-02-23T18:03:42.617026Z TRACE naga::proc::constant_evaluator: try_eval_and_append: Literal(U32(2))
2026-02-23T18:03:42.617028Z TRACE naga::proc::constant_evaluator: try_eval_and_append: Literal(U32(2))
2026-02-23T18:03:42.617030Z TRACE naga::proc::constant_evaluator: try_eval_and_append: Literal(U32(2))
2026-02-23T18:03:42.617032Z TRACE naga::proc::constant_evaluator: try_eval_and_append: Literal(U32(2))
2026-02-23T18:03:42.617039Z TRACE naga::proc::constant_evaluator: try_eval_and_append: Literal(U32(0))
2026-02-23T18:03:42.617041Z TRACE naga::proc::constant_evaluator: try_eval_and_append: Literal(U32(30))
2026-02-23T18:03:42.617043Z TRACE naga::proc::constant_evaluator: try_eval_and_append: Literal(U32(3))
2026-02-23T18:03:42.617045Z TRACE naga::proc::constant_evaluator: try_eval_and_append: Literal(U32(1))
2026-02-23T18:03:42.617047Z TRACE naga::proc::constant_evaluator: try_eval_and_append: Literal(U32(31))
2026-02-23T18:03:42.617050Z TRACE naga::proc::constant_evaluator: try_eval_and_append: Constant([0])
2026-02-23T18:03:42.617052Z TRACE naga::proc::constant_evaluator: try_eval_and_append: Unary { op: LogicalNot, expr: [79] }
2026-02-23T18:03:42.617055Z TRACE naga::proc::constant_evaluator: try_eval_and_append: Literal(U32(0))
2026-02-23T18:03:42.617057Z TRACE naga::proc::constant_evaluator: try_eval_and_append: Literal(U32(0))
2026-02-23T18:03:42.617061Z TRACE naga::proc::constant_evaluator: try_eval_and_append: Literal(U32(3))
2026-02-23T18:03:42.617063Z TRACE naga::proc::constant_evaluator: try_eval_and_append: Constant([1])
2026-02-23T18:03:42.617065Z TRACE naga::proc::constant_evaluator: try_eval_and_append: Select { condition: [88], accept: [87], reject: [86] }
2026-02-23T18:03:42.617069Z TRACE naga::proc::constant_evaluator: try_eval_and_append: Constant([1])
2026-02-23T18:03:42.617071Z TRACE naga::proc::constant_evaluator: try_eval_and_append: Literal(U32(0))
2026-02-23T18:03:42.617073Z TRACE naga::proc::constant_evaluator: try_eval_and_append: Literal(U32(0))
2026-02-23T18:03:42.617074Z TRACE naga::proc::constant_evaluator: try_eval_and_append: Literal(U32(1))
2026-02-23T18:03:42.617076Z TRACE naga::proc::constant_evaluator: try_eval_and_append: Literal(U32(0))
2026-02-23T18:03:42.617078Z TRACE naga::proc::constant_evaluator: try_eval_and_append: Literal(U32(2))
2026-02-23T18:03:42.617080Z TRACE naga::proc::constant_evaluator: try_eval_and_append: Literal(U32(0))
2026-02-23T18:03:42.617082Z TRACE naga::proc::constant_evaluator: try_eval_and_append: Literal(U32(0))
2026-02-23T18:03:42.617084Z TRACE naga::proc::constant_evaluator: try_eval_and_append: Literal(U32(0))
2026-02-23T18:03:42.617085Z TRACE naga::proc::constant_evaluator: try_eval_and_append: Literal(U32(1))
2026-02-23T18:03:42.617087Z TRACE naga::proc::constant_evaluator: try_eval_and_append: Literal(U32(0))
2026-02-23T18:03:42.617089Z TRACE naga::proc::constant_evaluator: try_eval_and_append: Literal(U32(2))
2026-02-23T18:03:42.617091Z TRACE naga::proc::constant_evaluator: try_eval_and_append: Literal(U32(0))
2026-02-23T18:03:42.617093Z TRACE naga::proc::constant_evaluator: try_eval_and_append: Literal(U32(3))
2026-02-23T18:03:42.617098Z TRACE naga::proc::constant_evaluator: try_eval_and_append: Literal(U32(0))
2026-02-23T18:03:42.617101Z TRACE naga::proc::constant_evaluator: try_eval_and_append: Literal(U32(4))
2026-02-23T18:03:42.617103Z TRACE naga::proc::constant_evaluator: try_eval_and_append: Literal(U32(0))
2026-02-23T18:03:42.617104Z TRACE naga::proc::constant_evaluator: try_eval_and_append: Constant([1])
2026-02-23T18:03:42.617106Z TRACE naga::proc::constant_evaluator: try_eval_and_append: Literal(U32(0))
2026-02-23T18:03:42.617108Z TRACE naga::proc::constant_evaluator: try_eval_and_append: Literal(U32(2))
2026-02-23T18:03:42.617110Z TRACE naga::proc::constant_evaluator: try_eval_and_append: Literal(U32(1))
2026-02-23T18:03:42.617113Z TRACE naga::proc::constant_evaluator: try_eval_and_append: Literal(U32(3))
2026-02-23T18:03:42.617115Z TRACE naga::proc::constant_evaluator: try_eval_and_append: Literal(U32(2))
2026-02-23T18:03:42.617117Z TRACE naga::proc::constant_evaluator: try_eval_and_append: Literal(U32(0))
2026-02-23T18:03:42.617119Z TRACE naga::proc::constant_evaluator: try_eval_and_append: Literal(U32(0))
2026-02-23T18:03:42.617121Z TRACE naga::proc::constant_evaluator: try_eval_and_append: Literal(U32(0))
2026-02-23T18:03:42.617123Z TRACE naga::proc::constant_evaluator: try_eval_and_append: Literal(U32(1))
2026-02-23T18:03:42.617124Z TRACE naga::proc::constant_evaluator: try_eval_and_append: Literal(U32(1))
2026-02-23T18:03:42.617127Z TRACE naga::proc::constant_evaluator: try_eval_and_append: Literal(U32(2))
2026-02-23T18:03:42.617128Z TRACE naga::proc::constant_evaluator: try_eval_and_append: Literal(U32(2))
2026-02-23T18:03:42.617130Z TRACE naga::proc::constant_evaluator: try_eval_and_append: Literal(U32(3))
2026-02-23T18:03:42.617132Z TRACE naga::proc::constant_evaluator: try_eval_and_append: Literal(U32(3))
2026-02-23T18:03:42.617134Z TRACE naga::proc::constant_evaluator: try_eval_and_append: Literal(U32(4))
2026-02-23T18:03:42.617136Z TRACE naga::proc::constant_evaluator: try_eval_and_append: Literal(U32(4))
2026-02-23T18:03:42.617151Z DEBUG naga::valid::interface: var GlobalVariable { name: Some("metadata_range"), space: PushConstant, binding: None, ty: [3], init: None }
2026-02-23T18:03:42.617154Z DEBUG naga::valid::interface: var GlobalVariable { name: Some("metadata"), space: Storage { access: StorageAccess(LOAD) }, binding: Some(ResourceBinding { group: 0, binding: 0 }), ty: [4], init: None }
2026-02-23T18:03:42.617162Z DEBUG naga::valid::interface: var GlobalVariable { name: Some("src"), space: Storage { access: StorageAccess(LOAD) }, binding: Some(ResourceBinding { group: 1, binding: 0 }), ty: [5], init: None }
2026-02-23T18:03:42.617165Z DEBUG naga::valid::interface: var GlobalVariable { name: Some("dst"), space: Storage { access: StorageAccess(LOAD | STORE) }, binding: Some(ResourceBinding { group: 2, binding: 0 }), ty: [5], init: None }
2026-02-23T18:03:42.617180Z DEBUG naga::valid::function: var LocalVariable { name: Some("failed"), ty: [0], init: Some([14]) }
2026-02-23T18:03:42.617207Z TRACE naga::back::spv::writer: Generating wrapped functions for Some("is_bit_set")
2026-02-23T18:03:42.617228Z TRACE naga::back::spv::writer: Generating code for Some("is_bit_set")
2026-02-23T18:03:42.617242Z TRACE naga::back::spv::writer: Generating wrapped functions for Some("main")
2026-02-23T18:03:42.617246Z TRACE naga::back::spv::writer: Generating code for Some("main")
2026-02-23T18:03:42.621517Z TRACE wgpu_core::instance: Created Device Id(0,1)
2026-02-23T18:03:42.621574Z TRACE wgpu_core::instance: Created Queue Id(0,1)
2026-02-23T18:03:42.621593Z  INFO naga::front::spv: Generated by 983040 version 10600
2026-02-23T18:03:42.621619Z DEBUG naga::front::spv: 	Capability [2]
2026-02-23T18:03:42.621625Z DEBUG naga::front::spv: 	ExtInstImport [6]
2026-02-23T18:03:42.621628Z DEBUG naga::front::spv: 	MemoryModel [3]
2026-02-23T18:03:42.621630Z DEBUG naga::front::spv: 	EntryPoint [9]
2026-02-23T18:03:42.621634Z DEBUG naga::front::spv: 	ExecutionMode [6]
2026-02-23T18:03:42.621637Z DEBUG naga::front::spv: 	MemberDecorate [5]
2026-02-23T18:03:42.621639Z TRACE naga::front::spv: 		?: Offset
2026-02-23T18:03:42.621642Z DEBUG naga::front::spv: 	MemberDecorate [5]
2026-02-23T18:03:42.621644Z TRACE naga::front::spv: 		?: Offset
2026-02-23T18:03:42.621646Z DEBUG naga::front::spv: 	Decorate [3]
2026-02-23T18:03:42.621648Z TRACE naga::front::spv: 		?: Block
2026-02-23T18:03:42.621650Z  WARN naga::front::spv: Unknown decoration Block
2026-02-23T18:03:42.621653Z DEBUG naga::front::spv: 	MemberDecorate [5]
2026-02-23T18:03:42.621655Z TRACE naga::front::spv: 		?: Offset
2026-02-23T18:03:42.621657Z DEBUG naga::front::spv: 	Decorate [4]
2026-02-23T18:03:42.621658Z TRACE naga::front::spv: 		?: ArrayStride
2026-02-23T18:03:42.621660Z DEBUG naga::front::spv: 	Decorate [3]
2026-02-23T18:03:42.621662Z TRACE naga::front::spv: 		?: Block
2026-02-23T18:03:42.621663Z  WARN naga::front::spv: Unknown decoration Block
2026-02-23T18:03:42.621665Z DEBUG naga::front::spv: 	MemberDecorate [5]
2026-02-23T18:03:42.621667Z TRACE naga::front::spv: 		?: Offset
2026-02-23T18:03:42.621669Z DEBUG naga::front::spv: 	Decorate [4]
2026-02-23T18:03:42.621670Z TRACE naga::front::spv: 		?: ArrayStride
2026-02-23T18:03:42.621672Z DEBUG naga::front::spv: 	Decorate [3]
2026-02-23T18:03:42.621674Z TRACE naga::front::spv: 		?: Block
2026-02-23T18:03:42.621675Z  WARN naga::front::spv: Unknown decoration Block
2026-02-23T18:03:42.621677Z DEBUG naga::front::spv: 	MemberDecorate [5]
2026-02-23T18:03:42.621679Z TRACE naga::front::spv: 		?: Offset
2026-02-23T18:03:42.621681Z DEBUG naga::front::spv: 	Decorate [4]
2026-02-23T18:03:42.621682Z TRACE naga::front::spv: 		?: BuiltIn
2026-02-23T18:03:42.621684Z DEBUG naga::front::spv: 	Decorate [4]
2026-02-23T18:03:42.621686Z TRACE naga::front::spv: 		?: Binding
2026-02-23T18:03:42.621687Z DEBUG naga::front::spv: 	Decorate [4]
2026-02-23T18:03:42.621689Z TRACE naga::front::spv: 		?: DescriptorSet
2026-02-23T18:03:42.621691Z DEBUG naga::front::spv: 	Decorate [3]
2026-02-23T18:03:42.621693Z TRACE naga::front::spv: 		?: NonWritable
2026-02-23T18:03:42.621696Z DEBUG naga::front::spv: 	Decorate [4]
2026-02-23T18:03:42.621698Z TRACE naga::front::spv: 		?: Binding
2026-02-23T18:03:42.621700Z DEBUG naga::front::spv: 	Decorate [4]
2026-02-23T18:03:42.621701Z TRACE naga::front::spv: 		?: DescriptorSet
2026-02-23T18:03:42.621711Z DEBUG naga::front::spv: 	Decorate [4]
2026-02-23T18:03:42.621713Z TRACE naga::front::spv: 		?: Binding
2026-02-23T18:03:42.621715Z DEBUG naga::front::spv: 	Decorate [4]
2026-02-23T18:03:42.621717Z TRACE naga::front::spv: 		?: DescriptorSet
2026-02-23T18:03:42.621718Z DEBUG naga::front::spv: 	TypeInt [4]
2026-02-23T18:03:42.621722Z DEBUG naga::front::spv: 	TypeVector [4]
2026-02-23T18:03:42.621725Z DEBUG naga::front::spv: 	TypePointer [4]
2026-02-23T18:03:42.621727Z DEBUG naga::front::spv: 	TypeStruct [4]
2026-02-23T18:03:42.621733Z DEBUG naga::front::spv: 	TypeStruct [3]
2026-02-23T18:03:42.621735Z DEBUG naga::front::spv: 	TypePointer [4]
2026-02-23T18:03:42.621737Z DEBUG naga::front::spv: 	TypeFloat [3]
2026-02-23T18:03:42.621739Z DEBUG naga::front::spv: 	TypeVector [4]
2026-02-23T18:03:42.621741Z DEBUG naga::front::spv: 	TypeRuntimeArray [3]
2026-02-23T18:03:42.621744Z DEBUG naga::front::spv: 	TypeStruct [3]
2026-02-23T18:03:42.621746Z DEBUG naga::front::spv: 	TypePointer [4]
2026-02-23T18:03:42.621748Z DEBUG naga::front::spv: 	TypeRuntimeArray [3]
2026-02-23T18:03:42.621750Z DEBUG naga::front::spv: 	TypeStruct [3]
2026-02-23T18:03:42.621752Z DEBUG naga::front::spv: 	TypePointer [4]
2026-02-23T18:03:42.621754Z DEBUG naga::front::spv: 	TypeVoid [2]
2026-02-23T18:03:42.621755Z DEBUG naga::front::spv: 	TypeFunction [3]
2026-02-23T18:03:42.621757Z DEBUG naga::front::spv: 	Variable [4]
2026-02-23T18:03:42.621761Z DEBUG naga::front::spv: 	Variable [4]
2026-02-23T18:03:42.621763Z DEBUG naga::front::spv: 	Constant [4]
2026-02-23T18:03:42.621765Z DEBUG naga::front::spv: 	Variable [4]
2026-02-23T18:03:42.621767Z DEBUG naga::front::spv: 	Variable [4]
2026-02-23T18:03:42.621769Z DEBUG naga::front::spv: 	TypePointer [4]
2026-02-23T18:03:42.621771Z DEBUG naga::front::spv: 	TypeBool [2]
2026-02-23T18:03:42.621773Z DEBUG naga::front::spv: 	Constant [4]
2026-02-23T18:03:42.621775Z DEBUG naga::front::spv: 	TypePointer [4]
2026-02-23T18:03:42.621777Z DEBUG naga::front::spv: 	TypePointer [4]
2026-02-23T18:03:42.621779Z DEBUG naga::front::spv: 	Function [5]
2026-02-23T18:03:42.621783Z DEBUG naga::front::spv::function: Label
2026-02-23T18:03:42.621786Z DEBUG naga::front::spv: 		SelectionMerge [3]
2026-02-23T18:03:42.621789Z DEBUG naga::front::spv: 		Switch [3]
2026-02-23T18:03:42.621793Z DEBUG naga::front::spv::function: Label
2026-02-23T18:03:42.621794Z DEBUG naga::front::spv: 		Load [4]
2026-02-23T18:03:42.621797Z DEBUG naga::front::spv: 		ArrayLength [5]
2026-02-23T18:03:42.621799Z DEBUG naga::front::spv: 		ArrayLength [5]
2026-02-23T18:03:42.621801Z DEBUG naga::front::spv: 		CompositeExtract [5]
2026-02-23T18:03:42.621803Z TRACE naga::front::spv: 			looking up expr 36
2026-02-23T18:03:42.621805Z TRACE naga::front::spv: 			looking up type 17
2026-02-23T18:03:42.621807Z DEBUG naga::front::spv: 		InBoundsAccessChain [6]
2026-02-23T18:03:42.621809Z TRACE naga::front::spv: 			looking up expr 4
2026-02-23T18:03:42.621811Z TRACE naga::front::spv: 			looking up index expr 27
2026-02-23T18:03:42.621813Z TRACE naga::front::spv: 			looking up type 11
2026-02-23T18:03:42.621815Z TRACE naga::front::spv: 			looking up index expr 27
2026-02-23T18:03:42.621817Z TRACE naga::front::spv: 			looking up type 10
2026-02-23T18:03:42.621818Z DEBUG naga::front::spv: 		Load [4]
2026-02-23T18:03:42.621820Z DEBUG naga::front::spv: 		UGreaterThanEqual [5]
2026-02-23T18:03:42.621823Z DEBUG naga::front::spv: 		SelectionMerge [3]
2026-02-23T18:03:42.621825Z DEBUG naga::front::spv: 		BranchConditional [4]
2026-02-23T18:03:42.621828Z DEBUG naga::front::spv::function: Label
2026-02-23T18:03:42.621829Z DEBUG naga::front::spv: 		Branch [2]
2026-02-23T18:03:42.621832Z DEBUG naga::front::spv::function: Label
2026-02-23T18:03:42.621833Z DEBUG naga::front::spv: 		CompositeExtract [5]
2026-02-23T18:03:42.621835Z TRACE naga::front::spv: 			looking up expr 36
2026-02-23T18:03:42.621837Z TRACE naga::front::spv: 			looking up type 17
2026-02-23T18:03:42.621838Z DEBUG naga::front::spv: 		InBoundsAccessChain [6]
2026-02-23T18:03:42.621843Z TRACE naga::front::spv: 			looking up expr 4
2026-02-23T18:03:42.621845Z TRACE naga::front::spv: 			looking up index expr 27
2026-02-23T18:03:42.621847Z TRACE naga::front::spv: 			looking up type 11
2026-02-23T18:03:42.621849Z TRACE naga::front::spv: 			looking up index expr 32
2026-02-23T18:03:42.621850Z TRACE naga::front::spv: 			looking up type 10
2026-02-23T18:03:42.621853Z DEBUG naga::front::spv: 		Load [4]
2026-02-23T18:03:42.621854Z DEBUG naga::front::spv: 		UGreaterThanEqual [5]
2026-02-23T18:03:42.621856Z DEBUG naga::front::spv: 		SelectionMerge [3]
2026-02-23T18:03:42.621858Z DEBUG naga::front::spv: 		BranchConditional [4]
2026-02-23T18:03:42.621860Z DEBUG naga::front::spv::function: Label
2026-02-23T18:03:42.621862Z DEBUG naga::front::spv: 		Branch [2]
2026-02-23T18:03:42.621864Z DEBUG naga::front::spv::function: Label
2026-02-23T18:03:42.621865Z DEBUG naga::front::spv: 		IMul [5]
2026-02-23T18:03:42.621868Z DEBUG naga::front::spv: 		IAdd [5]
2026-02-23T18:03:42.621870Z DEBUG naga::front::spv: 		ULessThan [5]
2026-02-23T18:03:42.621872Z DEBUG naga::front::spv: 		SelectionMerge [3]
2026-02-23T18:03:42.621874Z DEBUG naga::front::spv: 		BranchConditional [4]
2026-02-23T18:03:42.621876Z DEBUG naga::front::spv::function: Label
2026-02-23T18:03:42.621877Z DEBUG naga::front::spv: 		InBoundsAccessChain [6]
2026-02-23T18:03:42.621879Z TRACE naga::front::spv: 			looking up expr 5
2026-02-23T18:03:42.621881Z TRACE naga::front::spv: 			looking up index expr 27
2026-02-23T18:03:42.621882Z TRACE naga::front::spv: 			looking up type 13
2026-02-23T18:03:42.621884Z TRACE naga::front::spv: 			looking up index expr 61
2026-02-23T18:03:42.621886Z TRACE naga::front::spv: 			looking up type 12
2026-02-23T18:03:42.621887Z DEBUG naga::front::spv: 		Load [4]
2026-02-23T18:03:42.621889Z DEBUG naga::front::spv: 		CompositeExtract [5]
2026-02-23T18:03:42.621891Z TRACE naga::front::spv: 			looking up expr 68
2026-02-23T18:03:42.621893Z TRACE naga::front::spv: 			looking up type 21
2026-02-23T18:03:42.621894Z DEBUG naga::front::spv: 		FMul [5]
2026-02-23T18:03:42.621896Z DEBUG naga::front::spv: 		CompositeExtract [5]
2026-02-23T18:03:42.621898Z TRACE naga::front::spv: 			looking up expr 68
2026-02-23T18:03:42.621900Z TRACE naga::front::spv: 			looking up type 21
2026-02-23T18:03:42.621901Z DEBUG naga::front::spv: 		FMul [5]
2026-02-23T18:03:42.621903Z DEBUG naga::front::spv: 		FAdd [5]
2026-02-23T18:03:42.621905Z DEBUG naga::front::spv: 		CompositeExtract [5]
2026-02-23T18:03:42.621907Z TRACE naga::front::spv: 			looking up expr 68
2026-02-23T18:03:42.621908Z TRACE naga::front::spv: 			looking up type 21
2026-02-23T18:03:42.621910Z DEBUG naga::front::spv: 		FMul [5]
2026-02-23T18:03:42.621913Z DEBUG naga::front::spv: 		FAdd [5]
2026-02-23T18:03:42.621914Z DEBUG naga::front::spv: 		ExtInst [6]
2026-02-23T18:03:42.621916Z DEBUG naga::front::spv: 		ULessThan [5]
2026-02-23T18:03:42.621918Z DEBUG naga::front::spv: 		SelectionMerge [3]
2026-02-23T18:03:42.621920Z DEBUG naga::front::spv: 		BranchConditional [4]
2026-02-23T18:03:42.621922Z DEBUG naga::front::spv::function: Label
2026-02-23T18:03:42.621924Z DEBUG naga::front::spv: 		Branch [2]
2026-02-23T18:03:42.621926Z DEBUG naga::front::spv::function: Label
2026-02-23T18:03:42.621928Z DEBUG naga::front::spv: 		InBoundsAccessChain [6]
2026-02-23T18:03:42.621929Z TRACE naga::front::spv: 			looking up expr 6
2026-02-23T18:03:42.621931Z TRACE naga::front::spv: 			looking up index expr 27
2026-02-23T18:03:42.621932Z TRACE naga::front::spv: 			looking up type 15
2026-02-23T18:03:42.621934Z TRACE naga::front::spv: 			looking up index expr 61
2026-02-23T18:03:42.621936Z TRACE naga::front::spv: 			looking up type 14
2026-02-23T18:03:42.621938Z DEBUG naga::front::spv: 		Store [3]
2026-02-23T18:03:42.621940Z DEBUG naga::front::spv: 		Branch [2]
2026-02-23T18:03:42.621942Z DEBUG naga::front::spv::function: Label
2026-02-23T18:03:42.621943Z DEBUG naga::front::spv: 		Branch [2]
2026-02-23T18:03:42.621945Z DEBUG naga::front::spv::function: Label
2026-02-23T18:03:42.621947Z DEBUG naga::front::spv: 		Branch [2]
2026-02-23T18:03:42.621951Z DEBUG naga::front::spv::function: Label
2026-02-23T18:03:42.621953Z DEBUG naga::front::spv: 		Branch [2]
2026-02-23T18:03:42.621954Z DEBUG naga::front::spv::function: Label
2026-02-23T18:03:42.621956Z DEBUG naga::front::spv: 		Return [1]
2026-02-23T18:03:42.621958Z DEBUG naga::front::spv::function: FunctionEnd
2026-02-23T18:03:42.621968Z  INFO naga::front::spv: Patching...
2026-02-23T18:03:42.621983Z DEBUG naga::valid::interface: var GlobalVariable { name: None, space: Private, binding: None, ty: [1], init: None }
2026-02-23T18:03:42.621987Z DEBUG naga::valid::interface: var GlobalVariable { name: None, space: Uniform, binding: Some(ResourceBinding { group: 0, binding: 0 }), ty: [4], init: None }
2026-02-23T18:03:42.621991Z DEBUG naga::valid::interface: var GlobalVariable { name: None, space: Storage { access: StorageAccess(LOAD) }, binding: Some(ResourceBinding { group: 0, binding: 1 }), ty: [9], init: None }
2026-02-23T18:03:42.621994Z DEBUG naga::valid::interface: var GlobalVariable { name: None, space: Storage { access: StorageAccess(LOAD | STORE) }, binding: Some(ResourceBinding { group: 0, binding: 3 }), ty: [12], init: None }
2026-02-23T18:03:42.622001Z DEBUG naga::proc::typifier: initial overloads for Sqrt, List {
    rules: [
        ({AbstractFloat}) -> {AbstractFloat},
        (f32) -> f32,
        (f16) -> f16,
        (f64) -> f64,
        (vec2<{AbstractFloat}>) -> vec2<{AbstractFloat}>,
        (vec2<f32>) -> vec2<f32>,
        (vec2<f16>) -> vec2<f16>,
        (vec2<f64>) -> vec2<f64>,
        (vec3<{AbstractFloat}>) -> vec3<{AbstractFloat}>,
        (vec3<f32>) -> vec3<f32>,
        (vec3<f16>) -> vec3<f16>,
        (vec3<f64>) -> vec3<f64>,
        (vec4<{AbstractFloat}>) -> vec4<{AbstractFloat}>,
        (vec4<f32>) -> vec4<f32>,
        (vec4<f16>) -> vec4<f16>,
        (vec4<f64>) -> vec4<f64>,
    ],
    conclude: ArgumentType,
}
2026-02-23T18:03:42.622017Z DEBUG naga::proc::typifier: overloads after arg 0 of type f32: List {
    rules: [
        (f32) -> f32,
    ],
    conclude: ArgumentType,
}
2026-02-23T18:03:42.622026Z DEBUG naga::valid::expression: initial overloads for Sqrt: List {
    rules: [
        ({AbstractFloat}) -> {AbstractFloat},
        (f32) -> f32,
        (f16) -> f16,
        (f64) -> f64,
        (vec2<{AbstractFloat}>) -> vec2<{AbstractFloat}>,
        (vec2<f32>) -> vec2<f32>,
        (vec2<f16>) -> vec2<f16>,
        (vec2<f64>) -> vec2<f64>,
        (vec3<{AbstractFloat}>) -> vec3<{AbstractFloat}>,
        (vec3<f32>) -> vec3<f32>,
        (vec3<f16>) -> vec3<f16>,
        (vec3<f64>) -> vec3<f64>,
        (vec4<{AbstractFloat}>) -> vec4<{AbstractFloat}>,
        (vec4<f32>) -> vec4<f32>,
        (vec4<f16>) -> vec4<f16>,
        (vec4<f64>) -> vec4<f64>,
    ],
    conclude: ArgumentType,
}
2026-02-23T18:03:42.622037Z DEBUG naga::valid::expression: overloads after arg 0: List {
    rules: [
        (f32) -> f32,
    ],
    conclude: ArgumentType,
}
2026-02-23T18:03:42.622052Z TRACE wgpu_core::device::global: Device::create_shader_module -> Id(0,1)
2026-02-23T18:03:42.622085Z TRACE naga::back::spv::writer: Generating wrapped functions for None
2026-02-23T18:03:42.622091Z TRACE naga::back::spv::writer: Generating code for None
2026-02-23T18:03:42.622114Z TRACE naga::back::spv::writer: Generating wrapped functions for Some("main_cs_wrap")
2026-02-23T18:03:42.622117Z TRACE naga::back::spv::writer: Generating code for Some("main_cs_wrap")
2026-02-23T18:03:42.623234Z TRACE wgpu_core::device::global: Device::create_compute_pipeline -> Id(0,1)
2026-02-23T18:03:42.624023Z DEBUG ratatui_world::ray_trace: start
2026-02-23T18:03:42.628148Z DEBUG ratatui_world::ray_trace: 2
2026-02-23T18:03:42.752855Z DEBUG ratatui_world::ray_trace: 3
2026-02-23T18:03:42.756754Z DEBUG ratatui_world::ray_trace: 4
2026-02-23T18:03:42.757200Z DEBUG ratatui_world::ray_trace: 5
2026-02-23T18:03:42.758429Z TRACE mio::poll: registering event source with poller: token=Token(0), interests=READABLE
2026-02-23T18:03:42.758484Z TRACE mio::poll: registering event source with poller: token=Token(1), interests=READABLE
2026-02-23T18:03:42.767697Z DEBUG ratatui_world::ray_trace: start
2026-02-23T18:03:42.770146Z DEBUG ratatui_world::ray_trace: 2
2026-02-23T18:03:42.885050Z DEBUG ratatui_world::ray_trace: 3
2026-02-23T18:03:42.888924Z DEBUG ratatui_world::ray_trace: 4
2026-02-23T18:03:42.889306Z DEBUG ratatui_world::ray_trace: 5
2026-02-23T18:03:42.899561Z DEBUG ratatui_world::ray_trace: start
2026-02-23T18:03:42.902614Z DEBUG ratatui_world::ray_trace: 2
2026-02-23T18:03:43.003172Z DEBUG ratatui_world::ray_trace: 3
2026-02-23T18:03:43.005528Z DEBUG ratatui_world::ray_trace: 4
2026-02-23T18:03:43.005941Z DEBUG ratatui_world::ray_trace: 5
2026-02-23T18:03:43.016381Z DEBUG ratatui_world::ray_trace: start
2026-02-23T18:03:43.017246Z DEBUG ratatui_world::ray_trace: 2
2026-02-23T18:03:43.117209Z DEBUG ratatui_world::ray_trace: 3
2026-02-23T18:03:43.121137Z DEBUG ratatui_world::ray_trace: 4
2026-02-23T18:03:43.121569Z DEBUG ratatui_world::ray_trace: 5
2026-02-23T18:03:43.131988Z DEBUG ratatui_world::ray_trace: start
2026-02-23T18:03:43.134821Z DEBUG ratatui_world::ray_trace: 2
2026-02-23T18:03:43.249866Z DEBUG ratatui_world::ray_trace: 3
2026-02-23T18:03:43.253127Z DEBUG ratatui_world::ray_trace: 4
2026-02-23T18:03:43.253573Z DEBUG ratatui_world::ray_trace: 5
2026-02-23T18:03:43.263802Z DEBUG ratatui_world::ray_trace: start
2026-02-23T18:03:43.265323Z DEBUG ratatui_world::ray_trace: 2
2026-02-23T18:03:43.365882Z DEBUG ratatui_world::ray_trace: 3
2026-02-23T18:03:43.367535Z DEBUG ratatui_world::ray_trace: 4
2026-02-23T18:03:43.367987Z DEBUG ratatui_world::ray_trace: 5
2026-02-23T18:03:43.378403Z DEBUG ratatui_world::ray_trace: start
2026-02-23T18:03:43.381084Z DEBUG ratatui_world::ray_trace: 2
2026-02-23T18:03:43.475526Z DEBUG ratatui_world::ray_trace: 3
2026-02-23T18:03:43.478463Z DEBUG ratatui_world::ray_trace: 4
2026-02-23T18:03:43.478898Z DEBUG ratatui_world::ray_trace: 5
2026-02-23T18:03:43.489829Z DEBUG ratatui_world::ray_trace: start
2026-02-23T18:03:43.492467Z DEBUG ratatui_world::ray_trace: 2
2026-02-23T18:03:43.590658Z DEBUG ratatui_world::ray_trace: 3
2026-02-23T18:03:43.592567Z DEBUG ratatui_world::ray_trace: 4
2026-02-23T18:03:43.592985Z DEBUG ratatui_world::ray_trace: 5
2026-02-23T18:03:43.603354Z DEBUG ratatui_world::ray_trace: start
2026-02-23T18:03:43.604046Z DEBUG ratatui_world::ray_trace: 2
2026-02-23T18:03:43.735495Z DEBUG ratatui_world::ray_trace: 3
2026-02-23T18:03:43.740674Z DEBUG ratatui_world::ray_trace: 4
2026-02-23T18:03:43.741133Z DEBUG ratatui_world::ray_trace: 5
2026-02-23T18:03:43.751683Z DEBUG ratatui_world::ray_trace: start
2026-02-23T18:03:43.752504Z DEBUG ratatui_world::ray_trace: 2
2026-02-23T18:03:43.851260Z DEBUG ratatui_world::ray_trace: 3
2026-02-23T18:03:43.854955Z DEBUG ratatui_world::ray_trace: 4
2026-02-23T18:03:43.855431Z DEBUG ratatui_world::ray_trace: 5
2026-02-23T18:03:43.865705Z DEBUG ratatui_world::ray_trace: start
2026-02-23T18:03:43.868040Z DEBUG ratatui_world::ray_trace: 2
2026-02-23T18:03:43.966910Z DEBUG ratatui_world::ray_trace: 3
2026-02-23T18:03:43.969773Z DEBUG ratatui_world::ray_trace: 4
2026-02-23T18:03:43.970158Z DEBUG ratatui_world::ray_trace: 5
2026-02-23T18:03:43.980535Z DEBUG ratatui_world::ray_trace: start
2026-02-23T18:03:43.982765Z DEBUG ratatui_world::ray_trace: 2
2026-02-23T18:03:44.110991Z DEBUG ratatui_world::ray_trace: 3
2026-02-23T18:03:44.114711Z DEBUG ratatui_world::ray_trace: 4
2026-02-23T18:03:44.115107Z DEBUG ratatui_world::ray_trace: 5
2026-02-23T18:03:44.125523Z DEBUG ratatui_world::ray_trace: start
2026-02-23T18:03:44.128464Z DEBUG ratatui_world::ray_trace: 2
2026-02-23T18:03:44.225930Z DEBUG ratatui_world::ray_trace: 3
2026-02-23T18:03:44.228809Z DEBUG ratatui_world::ray_trace: 4
2026-02-23T18:03:44.229597Z DEBUG ratatui_world::ray_trace: 5
2026-02-23T18:03:44.240075Z DEBUG ratatui_world::ray_trace: start
2026-02-23T18:03:44.241336Z DEBUG ratatui_world::ray_trace: 2
2026-02-23T18:03:44.350449Z DEBUG ratatui_world::ray_trace: 3
2026-02-23T18:03:44.351196Z DEBUG ratatui_world::ray_trace: 4
2026-02-23T18:03:44.351779Z DEBUG ratatui_world::ray_trace: 5
2026-02-23T18:03:44.362692Z DEBUG ratatui_world::ray_trace: start
2026-02-23T18:03:44.366356Z DEBUG ratatui_world::ray_trace: 2
2026-02-23T18:03:44.466749Z DEBUG ratatui_world::ray_trace: 3
2026-02-23T18:03:44.469273Z DEBUG ratatui_world::ray_trace: 4
2026-02-23T18:03:44.469659Z DEBUG ratatui_world::ray_trace: 5
2026-02-23T18:03:44.480097Z DEBUG ratatui_world::ray_trace: start
2026-02-23T18:03:44.482404Z DEBUG ratatui_world::ray_trace: 2
2026-02-23T18:03:44.579852Z DEBUG ratatui_world::ray_trace: 3
2026-02-23T18:03:44.582692Z DEBUG ratatui_world::ray_trace: 4
2026-02-23T18:03:44.583121Z DEBUG ratatui_world::ray_trace: 5
2026-02-23T18:03:44.593616Z DEBUG ratatui_world::ray_trace: start
2026-02-23T18:03:44.594824Z DEBUG ratatui_world::ray_trace: 2
2026-02-23T18:03:44.694164Z DEBUG ratatui_world::ray_trace: 3
2026-02-23T18:03:44.698596Z DEBUG ratatui_world::ray_trace: 4
2026-02-23T18:03:44.699035Z DEBUG ratatui_world::ray_trace: 5
2026-02-23T18:03:44.700680Z TRACE wgpu_core::instance: Adapter::drop Id(0,1)
2026-02-23T18:03:44.700711Z TRACE wgpu_core::device::global: Device::drop Id(0,1)
2026-02-23T18:03:44.700720Z TRACE wgpu_core::device::global: Queue::drop Id(0,1)
2026-02-23T18:03:44.700723Z TRACE wgpu_core::device::queue: Drop Queue with '' label
2026-02-23T18:03:44.700728Z TRACE wgpu_core::device::queue: Waiting on last submission. try: 1/6. timeout: 100ms
2026-02-23T18:03:44.700765Z TRACE wgpu_core::resource: Destroy raw StagingBuffer
2026-02-23T18:03:44.700773Z TRACE wgpu_core::device::global: ShaderModule::drop Id(0,1)
2026-02-23T18:03:44.700776Z TRACE wgpu_core::device::global: ComputePipeline::drop Id(0,1)
2026-02-23T18:03:44.700780Z TRACE wgpu_core::pipeline: Destroy raw ComputePipeline with 'ratatui world pipeline' label
2026-02-23T18:03:44.700807Z TRACE wgpu_core::binding_model: Destroy raw PipelineLayout with '' label
2026-02-23T18:03:44.700814Z TRACE wgpu_core::binding_model: Destroy raw BindGroupLayout with '' label
2026-02-23T18:03:44.700819Z TRACE wgpu_core::pipeline: Destroy raw ShaderModule with '/home/jraber/ratatui-world/target/spirv-builder/spirv-unknown-spv1.6/release/deps/shader.spv' label
2026-02-23T18:03:44.700847Z TRACE wgpu_core::device::resource: Drop Device with '' label
2026-02-23T18:03:44.701943Z TRACE wgpu_core::global: Global::drop
